Date,Description,Category,Withdrawal,Deposit,Amount,Anomaly
2025-11-01,UPI-CRED-CRED.CLUB@AXISB-UTIB0000114-530524743702-PAYMENT ON CRED,Other,"₹10,065.00",₹0.00,"₹-10,065.00",Normal
2025-11-01,UPI-CRED FLASH-CRED.CLUB@AXISB-UTIB0000114-530524744979-PAYMENT ON CRED,Other,"₹3,479.82",₹0.00,"₹-3,479.82",Normal
2025-11-01,UPI-ZEPTO-ZEPTOONLINE@YBL-YESB0YBLUPI-112008830978-NO REMARKS,Groceries,₹104.00,₹0.00,₹-104.00,Normal
2025-11-01,UPI-FUND IDFC FIRST ACCO-ADDMONEY@IDFCBANK-IDFB0040101-113479189606-UPI,Other,"₹54,000.00",₹0.00,"₹-54,000.00",⚠️ Outlier
2025-11-01,UPI-CRED-CRED.CLUB@AXISB-UTIB0000114-530525249248-PAYMENT ON CRED,Other,"₹4,996.00",₹0.00,"₹-4,996.00",Normal
2025-11-01,UPI-ZOMATO-PAYZOMATO@HDFCBANK-HDFC0MERUPI-150457522661-NO REMARKS,Entertainment,₹318.75,₹0.00,₹-318.75,Normal
2025-11-01,UPI-CHANDRA KUMAR N-8151800050-2@YBL-SBIN0011286-334498972723-PAYMENT FROM PHONE,Other,"₹6,500.00",₹0.00,"₹-6,500.00",Normal
2025-11-02,UPI-SRI GANVI ENTERPRISE-PAYTM.D14089747314@PTY-YESB0MCHUPI-530641629220-PAID VIA SUPERMONE,Other,"₹2,098.20",₹0.00,"₹-2,098.20",Normal
2025-11-03,UPI-FUND IDFC FIRST ACCO-ADDMONEY@IDFCBANK-IDFB0040101-813181888192-PAYMENT FROM PHONE,Other,"₹1,500.00",₹0.00,"₹-1,500.00",Normal
2025-11-03,UPI-SRI BALAJI TRADERS-9739430581@YBL-CORP0001153-040872013082-PAYMENT FROM PHONE,Other,"₹50,000.00",₹0.00,"₹-50,000.00",⚠️ Outlier
2025-11-03,UPI-MANJUNATHA S-9900819611@YBL-FDRL0001529-429701600197-PAYMENT FROM PHONE,Other,"₹10,000.00",₹0.00,"₹-10,000.00",Normal
2025-11-04,UPI-SUMANTH C-IMSUMAN44@OKHDFCBANK-HDFC0004269-113637179134-UPI,Other,₹0.00,₹100.00,₹100.00,Normal
2025-11-04,UPI-SUMANTH C-IMSUMAN44@OKHDFCBANK-HDFC0004269-113637027244-UPI,Other,₹0.00,"₹6,000.00","₹6,000.00",Normal
2025-11-04,UPI-UDUPI GARDENIA VEG-PAYTMQR6JE5ST@PTYS-YESB0PTMUPI-530877004973-PAID VIA SUPERMONE,Food,₹125.00,₹0.00,₹-125.00,Normal
2025-11-04,UPI-UDUPI GARDENIA VEG-PAYTMQR6JE5ST@PTYS-YESB0PTMUPI-530877110657-PAID VIA SUPERMONE,Food,₹55.00,₹0.00,₹-55.00,Normal
2025-11-04,UPI-RAJEEV M-9095403808@YBL-HDFC0000628-089808404283-PAYMENT FROM PHONE,Other,₹460.00,₹0.00,₹-460.00,Normal
2025-11-05,UPI-RAJEEV M-9095403808@AXL-HDFC0000628-506355688007-PAYMENT FROM PHONE,Other,₹0.00,₹647.00,₹647.00,Normal
2025-11-05,UPI-AMAZON INDIA-AMAZON@YAPL-YESB0APLUPI-142128935562-YOU ARE PAYING FOR,Other,₹479.00,₹0.00,₹-479.00,Normal
2025-11-05,UPI-SHIVAVARAPRASAD H S-9482546043-3@YBL-SBIN0041105-728112484603-PAYMENT FROM PHONE,Other,"₹3,000.00",₹0.00,"₹-3,000.00",Normal
2025-11-05,UPI-NEIGHBOURHOOD VENTUR-BHARATPE907720176139@YESBANKLTD-YESB0YESUPI-567504152786-PAY TO NEIGHBOURHO,Other,₹27.00,₹0.00,₹-27.00,Normal
2025-11-05,UPI-RAVICHANDRAN R-RAVICHANDRAN.12K@OKICICI-ICIC0002340-567527878939-DE FISH,Other,₹0.00,₹647.00,₹647.00,Normal
2025-11-05,UPI-JITHIN BABU-SHREYASJITHINBABU@OKHDFCBANK-HDFC0000628-113688511098-DE FISH,Other,₹0.00,₹650.00,₹650.00,Normal
2025-11-05,UPI-SUMANTH C-IMSUMAN44@OKHDFCBANK-HDFC0004269-113685896865-UPI,Other,₹0.00,₹647.00,₹647.00,Normal
2025-11-05,UPI-DE FISH RESTAURANT-Q457447336@YBL-YESB0YBLUPI-530931243831-PAID VIA CRED,Food,₹80.00,₹0.00,₹-80.00,Normal
2025-11-05,UPI-SWETA RANI-9739280571@YBL-HDFC0000628-974909565551-PAYMENT FROM PHONE,Other,₹0.00,₹647.00,₹647.00,Normal
2025-11-05,UPI-SINDHU K-SINDHUK.1091@OKICICI-ICIC0002332-567545580070-UPI,Other,₹0.00,₹647.00,₹647.00,Normal
2025-11-05,UPI-DE FISH RESTAURANT-Q457447336@YBL-YESB0YBLUPI-530931234186-PAID VIA CRED,Food,"₹7,109.00",₹0.00,"₹-7,109.00",Normal
2025-11-05,UPI-NANDINI J-NANDUANJUSUVI31@OKHDFCBANK-HDFC0000628-113685777124-UPI,Other,₹0.00,₹647.00,₹647.00,Normal
2025-11-05,UPI-HARSHITHA R-9164543924@YBL-HDFC0000628-200379953513-LUNCH SHARE,Other,₹0.00,₹647.00,₹647.00,Normal
2025-11-05,UPI-TENDER COCONUT-8431088932@OKBIZAXIS-UTIB0000553-530998231765-PAID VIA SUPERMONE,Other,₹70.00,₹0.00,₹-70.00,Normal
2025-11-05,UPI-SHRINIVAS NADAGOUDAR-SHRINIVAS.NADAGOUDAR@YBL-HDFC0000628-927027188559-PAYMENT FROM PHONE,Other,₹0.00,₹650.00,₹650.00,Normal
2025-11-06,UPI-RIDA KOUSER-Q889252505@YBL-YESB0YBLUPI-531032643528-PAID VIA CRED,Other,₹68.00,₹0.00,₹-68.00,Normal
2025-11-07,UPI-JAYARAM-Q347386144@YBL-YESB0YBLUPI-567739505915-PAID VIA SUPERMONE,Other,₹30.00,₹0.00,₹-30.00,Normal
2025-11-07,UPI-NANJUNDAPA L-8147593435-794JP@JIO-HDFC0001759-893389098969-PAYMENT FROM PHONE,Other,₹200.00,₹0.00,₹-200.00,Normal
2025-11-07,UPI-CHANDRA KUMAR N-8151800050-2@IBL-SBIN0011286-087021131890-PAYMENT FROM PHONE,Other,₹0.00,"₹2,500.00","₹2,500.00",Normal
2025-11-07,UPI-THALASSERY RESTAURAN-PAYTMQR6BPJC3@PTYS-YESB0PTMUPI-531133873313-PAID VIA CRED,Other,₹432.00,₹0.00,₹-432.00,Normal
2025-11-07,UPI-GOLD LINE BREADZ-GOLDLINEBREADZ.64063349@HDFCBANK-HDFC0MERUPI-531134096150-PAID VIA CRED,Other,₹170.00,₹0.00,₹-170.00,Normal
2025-11-08,UPI-THE MEAT HUB-Q163582892@YBL-YESB0YBLUPI-531235382047-PAID VIA CRED,Other,₹521.00,₹0.00,₹-521.00,Normal
2025-11-08,UPI-ZEPTO MARKETPLACE PR-PINELABS.10372375@PINEAXIS-UTIB000SETU-084657199154-NO REMARKS,Groceries,₹620.00,₹0.00,₹-620.00,Normal
2025-11-08,UPI-AXIS BANK-BILLPAY.AXB@UPI-UTIB0000100-130400318945-NO REMARKS,Bills,₹423.00,₹0.00,₹-423.00,Normal
2025-11-09,UPI-SRI MARUTHI FRUITS A-PAYTMQR60L0Y6@PTYS-YESB0PTMUPI-567977779080-PAID VIA SUPERMONE,Other,₹462.00,₹0.00,₹-462.00,Normal
2025-11-09,UPI-KFC K267-KFCK267.27121530@HDFCBANK-HDFC0MERUPI-567982524034-PAID VIA SUPERMONE,Other,₹240.44,₹0.00,₹-240.44,Normal
2025-11-09,UPI-NANJUNDAPA L-8147593435-794JP@JIO-HDFC0001759-232396957354-PAYMENT FROM PHONE,Other,₹500.00,₹0.00,₹-500.00,Normal
2025-11-09,UPI-V R DAKSHIN PRIVATE -PAYTM-78215674@PTYS-YESB0PTMUPI-567985040500-PAID VIA SUPERMONE,Other,₹150.00,₹0.00,₹-150.00,Normal
2025-11-09,UPI-KARTHIK R-KARTHIKPREETHU88@AXL-HDFC0003546-621081668672-SHOE AMOUNT,Other,₹0.00,"₹3,800.00","₹3,800.00",Normal
2025-11-09,UPI-SHARATH KUMAR N-8792445855-2@YBL-IDFB0040101-731233287734-PAYMENT FROM PHONE,Other,"₹4,000.00",₹0.00,"₹-4,000.00",Normal
2025-11-10,UPI-CHANDRA KUMAR N-8151800050-2@YBL-SBIN0011286-312269595447-PAYMENT FROM PHONE,Other,₹0.00,"₹15,300.00","₹15,300.00",Normal
2025-11-10,UPI-SRI MARUTHI FRUITS A-PAYTMQR6FFT0G@PTYS-YESB0PTMUPI-531437222117-PAID VIA CRED,Other,₹208.00,₹0.00,₹-208.00,Normal
2025-11-10,UPI-SWIGGY LIMITED-SWIGGY.STORES@AXB-UTIB0000100-115945569330-PAY FOR INTENT,Other,₹302.00,₹0.00,₹-302.00,Normal
2025-11-10,UPI-CRED-CRED.TELECOM@AXISB-UTIB0000114-531437770301-PAYMENT ON CRED,Other,₹882.82,₹0.00,₹-882.82,Normal
2025-11-10,UPI-CRED-CRED.CLUB@AXISB-UTIB0000114-531437786957-PAYMENT ON CRED,Other,"₹2,535.09",₹0.00,"₹-2,535.09",Normal
2025-11-10,UPI-SHARATH KUMAR N-8792445855-2@YBL-IDFB0040101-286079604815-PAYMENT FROM PHONE,Other,"₹15,300.00",₹0.00,"₹-15,300.00",Normal
2025-11-12,UPI-RAMDEV MEDICAL-Q623136903@YBL-YESB0YBLUPI-531640405686-PAID VIA CRED,Other,₹236.00,₹0.00,₹-236.00,Normal
2025-11-12,UPI-SRI DEVI Y S-PAYTMQR6CLQ95@PTYS-YESB0PTMUPI-531640087479-PAID VIA CRED,Other,₹28.00,₹0.00,₹-28.00,Normal
2025-11-13,UPI-FLIPKART-FLIPKART.HYPG@YESPAY-YESB0YESUPI-083808300963-UPIPAY,Other,"₹1,160.00",₹0.00,"₹-1,160.00",Normal
2025-11-13,UPI-NPCI BHIM-BHIMCASHBACK@HDFCBANK-HDFC0000001-101957047639-BHIMCASHBACK,Other,₹0.00,₹3.00,₹3.00,Normal
2025-11-13,UPI-CHANDRA KUMAR N-8151800050-2@YBL-SBIN0011286-171424815766-PAYMENT FROM PHONE,Other,"₹1,500.00",₹0.00,"₹-1,500.00",Normal
2025-11-13,UPI-AFREEN NOORI-9611367794786@YBL-KARB0000105-622632164230-PAYMENT FROM PHONE,Other,"₹3,500.00",₹0.00,"₹-3,500.00",Normal
2025-11-13,UPI-ARAYA KKANDIYIL SANE-PAYTMQR6N81GO@PTYS-YESB0PTMUPI-531760900788-PAID VIA SUPERMONE,Other,₹30.00,₹0.00,₹-30.00,Normal
2025-11-13,UPI-SHARATH KUMAR N-8792445855-2@AXL-IDFB0040101-542121242702-PAYMENT FROM PHONE,Other,₹0.00,"₹5,000.00","₹5,000.00",Normal
2025-11-14,UPI-DIVYA DEVI-Q713216494@YBL-YESB0YBLUPI-531842788033-PAID VIA CRED,Other,₹54.00,₹0.00,₹-54.00,Normal
2025-11-14,UPI-MADRAS TIFFINS-Q204748736@YBL-YESB0YBLUPI-531842756172-PAID VIA CRED,Food,₹55.00,₹0.00,₹-55.00,Normal
2025-11-14,UPI-PINK BERRY 8-Q061564221@YBL-YESB0YBLUPI-531882289642-PAID VIA SUPERMONE,Entertainment,₹780.00,₹0.00,₹-780.00,Normal
2025-11-14,UPI-SATYENDRA SINGH-PAYTM.S1NDY46@PTY-YESB0MCHUPI-531842170464-PAID VIA CRED,Other,₹72.00,₹0.00,₹-72.00,Normal
2025-11-14,UPI-PINK BERRY 8-Q061564221@YBL-YESB0YBLUPI-531880575194-PAID VIA SUPERMONE,Entertainment,₹780.00,₹0.00,₹-780.00,Normal
2025-11-14,UPI-JAYARAM-Q347386144@YBL-YESB0YBLUPI-531841910363-PAID VIA CRED,Other,₹18.00,₹0.00,₹-18.00,Normal
2025-11-15,UPI-BABAI TIFFINS-PAYTM.S1AABIE@PTY-YESB0MCHUPI-531999027180-PAID VIA SUPERMONE,Food,₹190.00,₹0.00,₹-190.00,Normal
2025-11-15,UPI-SANTHOSH SHETTY-PAYTMQR6QIIGJ@PTYS-YESB0PTMUPI-568504610384-PAID VIA SUPERMONE,Other,₹46.00,₹0.00,₹-46.00,Normal
2025-11-15,UPI-ARAYA KKANDIYIL SANE-PAYTMQR6N81GO@PTYS-YESB0PTMUPI-568506371590-PAID VIA SUPERMONE,Other,₹76.00,₹0.00,₹-76.00,Normal
2025-11-15,UPI-SANTHOSH SHETTY-PAYTMQR6QIIGJ@PTYS-YESB0PTMUPI-568508256026-PAID VIA SUPERMONE,Other,₹10.00,₹0.00,₹-10.00,Normal
2025-11-15,UPI-AFREEN NOORI-9611367794786@YBL-KARB0000105-041851175716-PAYMENT FROM PHONE,Other,"₹4,100.00",₹0.00,"₹-4,100.00",Normal
2025-11-16,UPI-SRI VENKATESWARA TRA-PAYTMQRZYK796GNA8@PAYTM-YESB0PTMUPI-532044875496-PAID VIA CRED,Other,"₹2,000.00",₹0.00,"₹-2,000.00",Normal
2025-11-16,UPI-MR HAIDER  ALI-9006240002@IBL-CBIN0284556-568622669756-PAID VIA SUPERMONE,Other,₹200.00,₹0.00,₹-200.00,Normal
2025-11-16,UPI-DHRUV KUMAR UPADHYAY-PAYTMQR5YPF1X@PTYS-YESB0PTMUPI-532045238211-PAID VIA CRED,Other,₹40.00,₹0.00,₹-40.00,Normal
2025-11-16,UPI-ARAYA KKANDIYIL SANE-PAYTMQR6N81GO@PTYS-YESB0PTMUPI-568618578064-PAID VIA SUPERMONE,Other,₹30.00,₹0.00,₹-30.00,Normal
2025-11-16,UPI-SHARATH KUMAR N-8792445855-2@YBL-IDFB0040101-584096379032-PAYMENT FROM PHONE,Other,₹0.00,"₹4,100.00","₹4,100.00",Normal
2025-11-16,UPI-D MOHAMMED RAIHAN-PAYTMQR5Z24BB@PTYS-YESB0PTMUPI-568618741319-PAID VIA SUPERMONE,Other,₹462.00,₹0.00,₹-462.00,Normal
2025-11-17,UPI-PRAKASH SHETTY-Q059932670@YBL-YESB0YBLUPI-568745378907-PAID VIA SUPERMONE,Other,₹28.00,₹0.00,₹-28.00,Normal
2025-11-17,UPI-MEDHA FOODS PRIVATE-Q835453666@YBL-YESB0YBLUPI-568748058888-PAID VIA SUPERMONE,Other,₹225.00,₹0.00,₹-225.00,Normal
2025-11-17,UPI-PRAKASH SHETTY-Q059932670@YBL-YESB0YBLUPI-532145536555-PAID VIA CRED,Other,₹28.00,₹0.00,₹-28.00,Normal
2025-11-18,UPI-AMAZON INDIA-AMAZON@YAPL-YESB0APLUPI-532279275410-YOU ARE PAYING FOR,Other,₹254.00,₹0.00,₹-254.00,Normal
2025-11-18,UPI-PRAKASH SHETTY-Q059932670@YBL-YESB0YBLUPI-568859424723-PAID VIA SUPERMONE,Other,₹38.00,₹0.00,₹-38.00,Normal
2025-11-18,UPI-MANIKANTA-Q061617992@YBL-YESB0YBLUPI-568862608324-PAID VIA SUPERMONE,Other,₹104.00,₹0.00,₹-104.00,Normal
2025-11-18,UPI-MANIKANTA-PAYTM.S1E71E2@PTY-YESB0MCHUPI-568862629190-PAID VIA SUPERMONE,Other,₹2.00,₹0.00,₹-2.00,Normal
2025-11-18,UPI-MANIKANTA-PAYTM.S1E8CEN@PTY-YESB0MCHUPI-532247186311-PAID VIA CRED,Other,₹40.00,₹0.00,₹-40.00,Normal
2025-11-19,UPI-MD CAR WASH AND INTE-VYAPAR.171407495203@HDFCBANK-HDFC0MERUPI-568985805373-PAID VIA SUPERMONE,Other,₹550.00,₹0.00,₹-550.00,Normal
2025-11-19,UPI-SHARATH KUMAR N-KUMARSHARATH2732@YBL-SBIN0032294-460443294656-PAYMENT FROM PHONE,Other,₹500.00,₹0.00,₹-500.00,Normal
2025-11-19,UPI-NANDINI J-NANDUANJUSUVI31-2@OKAXIS-HDFC0000628-532358880162-UPI,Other,₹0.00,₹500.00,₹500.00,Normal
2025-11-19,UPI-SHARATH KUMAR N-KUMARSHARATH2732@YBL-SBIN0032294-322282409638-PAYMENT FROM PHONE,Other,₹500.00,₹0.00,₹-500.00,Normal
2025-11-19,UPI-CHANDRA KUMAR N-8151800050-2@YBL-SBIN0011286-402068396556-PAYMENT FROM PHONE,Other,₹500.00,₹0.00,₹-500.00,Normal
2025-11-19,UPI-RAVICHANDRAN R-RAVICHANDRAN.12K@OKICICI-ICIC0002340-532322361292-UPI,Other,₹0.00,₹500.00,₹500.00,Normal
2025-11-19,UPI-DURGA PARMESHWARI EM-PKT-8608416119@OKBIZAXIS-UTIB0000553-568985092960-PAID VIA SUPERMONE,Other,₹115.00,₹0.00,₹-115.00,Normal
2025-11-19,UPI-CHANDANA S GOWDA-CHANDANA.S6@YBL-HDFC0004269-921963649751-PAYMENT FROM PHONE,Other,₹0.00,₹500.00,₹500.00,Normal
2025-11-19,UPI-RAJEEV M-9095403808@YBL-HDFC0000628-248437742997-PAYMENT FROM PHONE,Other,₹0.00,₹125.00,₹125.00,Normal
2025-11-19,UPI-D SATHEESH KUMAR-HOTELNAMMACHOLA@OKAXIS-HDFC0003790-568983002432-PAID VIA SUPERMONE,Transport,₹640.00,₹0.00,₹-640.00,Normal
2025-11-19,UPI-PRAKASH SHETTY-Q059932670@YBL-YESB0YBLUPI-568979113865-PAID VIA SUPERMONE,Other,₹54.00,₹0.00,₹-54.00,Normal
2025-11-19,UPI-SRI MARUTHI FRUITS A-PAYTMQR6FFT0G@PTYS-YESB0PTMUPI-568986405160-PAID VIA SUPERMONE,Other,₹148.00,₹0.00,₹-148.00,Normal
2025-11-19,UPI-SHARATH KUMAR N-KUMARSHARATH2732@YBL-SBIN0032294-429295764699-PAYMENT FROM PHONE,Other,₹500.00,₹0.00,₹-500.00,Normal
2025-11-20,UPI-SINDHU K-SINDHUK.1091@OKICICI-ICIC0002332-569025615795-TOWARDS SHRINI MAR,Other,₹0.00,₹500.00,₹500.00,Normal
2025-11-20,UPI-JITHIN BABU-8050406175@PTHDFC-HDFC0000076-532456687484-SENT USING PAYTM U,Other,₹0.00,₹500.00,₹500.00,Normal
2025-11-20,UPI-SHARATH KUMAR N-KUMARSHARATH2732@YBL-SBIN0032294-699256692293-PAYMENT FROM PHONE,Other,"₹1,000.00",₹0.00,"₹-1,000.00",Normal
2025-11-20,UPI-SHARATH KUMAR N-KUMARSHARATH2732@YBL-SBIN0032294-892709369487-PAYMENT FROM PHONE,Other,₹500.00,₹0.00,₹-500.00,Normal
2025-11-20,UPI-VISHWANATH G R-VGRESHMIMATH@YBL-SBIN0020204-020152869962-SHRINI MARRIAGE,Other,₹0.00,"₹1,000.00","₹1,000.00",Normal
2025-11-20,UPI-SHARATH KUMAR N-KUMARSHARATH2732@YBL-SBIN0032294-337746925818-PAYMENT FROM PHONE,Other,"₹1,000.00",₹0.00,"₹-1,000.00",Normal
2025-11-20,UPI-MERIN  JOSE-MERINJOSE16@OKSBI-PUNB0432600-532438984253-SHRINIVAS MARRIAGE,Other,₹0.00,₹500.00,₹500.00,Normal
2025-11-20,UPI-M S SHASHIDHAR-9743313418@YBL-HDFC0000628-643559303902-PAYMENT FROM PHONE,Other,₹1.00,₹0.00,₹-1.00,Normal
2025-11-20,UPI-DAROJI MANJUNATHA-7022680728@PZ-HDFC0000009-784500710208-FROM MANJU TOWARDS,Other,₹0.00,₹500.00,₹500.00,Normal
2025-11-20,UPI-SRIDEVI Y S-Q873652058@YBL-YESB0YBLUPI-532406110190-PAID VIA SUPERMONE,Other,₹28.00,₹0.00,₹-28.00,Normal
2025-11-20,UPI-SHARATH KUMAR N-KUMARSHARATH2732@YBL-SBIN0032294-140263965239-PAYMENT FROM PHONE,Other,"₹1,000.00",₹0.00,"₹-1,000.00",Normal
2025-11-20,UPI-SWETA RANI-9739280571@YBL-HDFC0000628-315398090041-PAYMENT FROM PHONE,Other,₹0.00,₹500.00,₹500.00,Normal
2025-11-20,UPI-SUREJ N S-SUREJNS@OKHDFCBANK-HDFC0000628-114413717675-SREENI MARRIAGE,Other,₹0.00,₹500.00,₹500.00,Normal
2025-11-20,UPI-P PRAKASH-PAYTMQRKUCZL83HIC@PAYTM-YESB0PTMUPI-532401291081-PAID VIA SUPERMONE,Other,₹54.00,₹0.00,₹-54.00,Normal
2025-11-20,UPI-NIMITH KUMAR G-NIMITHG-1@OKHDFCBANK-HDFC0009196-114409708474-UPI,Other,₹0.00,"₹1,000.00","₹1,000.00",Normal
2025-11-20,UPI-SHARATH KUMAR N-KUMARSHARATH2732@YBL-SBIN0032294-804773919865-PAYMENT FROM PHONE,Other,"₹1,000.00",₹0.00,"₹-1,000.00",Normal
2025-11-20,UPI-SHARATH KUMAR N-KUMARSHARATH2732@YBL-SBIN0032294-282488573113-PAYMENT FROM PHONE,Other,"₹1,000.00",₹0.00,"₹-1,000.00",Normal
2025-11-20,UPI-HARSHITHA R-9164543924@AXL-HDFC0000628-886792053898-PAYMENT FROM PHONE,Other,₹0.00,₹500.00,₹500.00,Normal
2025-11-20,UPI-PRATHIBHA K-PRATHIBHA.K.K@OKHDFCBANK-HDFC0000009-114405839004-SHRINIVAS MARRIAGE,Other,₹0.00,₹500.00,₹500.00,Normal
2025-11-20,UPI-PRAKASH SHETTY-Q059932670@YBL-YESB0YBLUPI-532448982408-PAID VIA CRED,Other,₹28.00,₹0.00,₹-28.00,Normal
2025-11-21,UPI-PRESTIGE NORTH POINT-PAYTM.D17384759540@PTY-YESB0MCHUPI-532530860866-PAID VIA SUPERMONE,Other,₹30.00,₹0.00,₹-30.00,Normal
2025-11-21,UPI-RAJEEV M-9095403808@YBL-HDFC0000628-728228314209-PAYMENT FROM PHONE,Other,₹0.00,₹500.00,₹500.00,Normal
2025-11-21,UPI-MADHUKURI NAGENDRA N-PAYTM.S1TNOGS@PTY-YESB0MCHUPI-532526520570-PAID VIA SUPERMONE,Other,₹30.00,₹0.00,₹-30.00,Normal
2025-11-21,UPI-SRINIDHI UPACHAR-BHARATPE907I7W2A0O2P10478@YESBANKLTD-YESB0YESUPI-532526008755-PAY TO SRINIDHI UP,Other,₹300.00,₹0.00,₹-300.00,Normal
2025-11-21,UPI-RAJESH KUMAR GUPTA-PAYTMQR6FT26Z@PTYS-YESB0PTMUPI-532550504149-PAID VIA CRED,Other,₹38.00,₹0.00,₹-38.00,Normal
2025-11-21,UPI-SHARATH KUMAR N-KUMARSHARATH2732@YBL-SBIN0032294-472230421619-PAYMENT FROM PHONE,Other,"₹1,000.00",₹0.00,"₹-1,000.00",Normal
2025-11-21,UPI-BHARATH M-BHARATHM95@AXL-HDFC0000628-106322928597-PAYMENT FROM PHONE,Other,₹0.00,"₹1,000.00","₹1,000.00",Normal
2025-11-21,UPI-CHANDRA KUMAR N-8151800050-2@YBL-SBIN0011286-122178211416-PAYMENT FROM PHONE,Other,₹500.00,₹0.00,₹-500.00,Normal
2025-11-21,UPI-JAYARAM-Q347386144@YBL-YESB0YBLUPI-532520358627-PAID VIA SUPERMONE,Other,₹30.00,₹0.00,₹-30.00,Normal
2025-11-22,UPI-MR ABRAR  HUSSAIN-Q530065603@YBL-YESB0YBLUPI-532642806598-PAID VIA SUPERMONE,Other,₹40.00,₹0.00,₹-40.00,Normal
2025-11-22,UPI-GANESH TRADERS-PAYTM.S154MMR@PTY-YESB0MCHUPI-532647053518-PAID VIA SUPERMONE,Other,₹242.00,₹0.00,₹-242.00,Normal
2025-11-23,UPI-RAVINDRASING PARADES-PAYTMQR6DEAYX@PTYS-YESB0PTMUPI-532761520892-PAID VIA SUPERMONE,Other,₹100.00,₹0.00,₹-100.00,Normal
2025-11-24,UPI-PRAKASH SHETTY-Q059932670@YBL-YESB0YBLUPI-532883227218-PAID VIA SUPERMONE,Other,₹36.00,₹0.00,₹-36.00,Normal
2025-11-25,UPI-RAJEEV M-9095403808@AXL-HDFC0000628-856665082040-PAYMENT FROM PHONE,Other,₹0.00,"₹2,000.00","₹2,000.00",Normal
2025-11-25,UPI-PRAKASH SHETTY-Q059932670@YBL-YESB0YBLUPI-569501097740-PAID VIA SUPERMONE,Other,₹64.00,₹0.00,₹-64.00,Normal
2025-11-25,UPI-SHARATH KUMAR N-8792445855-2@YBL-IDFB0040101-234231316990-PAYMENT FROM PHONE,Other,"₹2,000.00",₹0.00,"₹-2,000.00",Normal
2025-11-25,UPI-TOBOX VENTURES PRIVA-PAYTM-14464838@PTYBL-YESB0PTMUPI-860726557089-PAYMENT FROM PHONE,Other,₹180.00,₹0.00,₹-180.00,Normal
2025-11-26,UPI-SELVAM SUMATHI-PAYTM.S1TNOGU@PTY-YESB0MCHUPI-569627959665-PAID VIA SUPERMONE,Other,₹19.00,₹0.00,₹-19.00,Normal
2025-11-26,UPI-TOBOX VENTURES PRIVA-PAYTM-14464838@PTYBL-YESB0PTMUPI-133708819747-NO REMARKS,Other,₹18.00,₹0.00,₹-18.00,Normal
2025-11-26,UPI-SRI MARUTHI FRUITS A-PAYTMQR6FFT0G@PTYS-YESB0PTMUPI-569628459184-PAID VIA SUPERMONE,Other,₹180.00,₹0.00,₹-180.00,Normal
2025-11-26,UPI-NETFLIX COM-NETFLIXUPI.PAYU@HDFCBANK-HDFC0MERUPI-102052868370-MONTHLY AUTOPAY. C,Bills,₹199.00,₹0.00,₹-199.00,Normal
2025-11-26,UPI-TOBOX VENTURES PRIVA-PAYTM-14464838@PTYBL-YESB0PTMUPI-102119656274-NO REMARKS,Other,₹60.00,₹0.00,₹-60.00,Normal
2025-11-27,UPI-TOBOX VENTURES PRIVA-PAYTM-14464838@PTYBL-YESB0PTMUPI-102619040264-NO REMARKS,Other,₹30.00,₹0.00,₹-30.00,Normal
2025-11-27,UPI-NARESH R-9066493536@AXL-UTIB0000734-517263411960-PAYMENT FROM PHONE,Other,₹0.00,"₹2,000.00","₹2,000.00",Normal
2025-11-27,UPI-PINK BERRY 8-Q033147810@YBL-YESB0YBLUPI-569748154860-PAID VIA SUPERMONE,Entertainment,₹135.00,₹0.00,₹-135.00,Normal
2025-11-27,UPI-PINK BERRY 8-Q033147810@YBL-YESB0YBLUPI-569748158955-PAID VIA SUPERMONE,Entertainment,₹5.00,₹0.00,₹-5.00,Normal
2025-11-27,UPI-CRED-CRED.CLUB@AXISB-UTIB0000114-533158211103-PAYMENT ON CRED,Other,₹76.00,₹0.00,₹-76.00,Normal
2025-11-28,UPI-SHARATH KUMAR N-8792445855-2@YBL-IDFB0040101-873030852772-PAYMENT FROM PHONE,Other,"₹55,000.00",₹0.00,"₹-55,000.00",⚠️ Outlier
2025-11-28,UPI-AL AZIZ CHICKEN AND -PAYTMQR6V010O@PTYS-YESB0PTMUPI-569871406096-PAID VIA SUPERMONE,Other,₹120.00,₹0.00,₹-120.00,Normal
2025-11-28,UPI-M S TAAPASI MOTORS P-IBKPOS.EP164433@ICICI-ICIC0000004-569870584254-PAID VIA SUPERMONE,Other,"₹5,336.00",₹0.00,"₹-5,336.00",Normal
2025-11-28,UPI-S RICHARD BRONSON-RICHIERICHBRONSON-3@OKSBI-UBIN0907251-569870301387-PAID VIA SUPERMONE,Other,₹69.00,₹0.00,₹-69.00,Normal
2025-11-28,UPI-PRAKASH SHETTY-PAYTMQR6UNYAS@PTYS-YESB0PTMUPI-569869984521-PAID VIA SUPERMONE,Other,₹2.00,₹0.00,₹-2.00,Normal
2025-11-28,IMPS-533221998989-SHARATH KUMAR-IDFB-XXXXXXX0706-,Transfers,₹30.00,₹0.00,₹-30.00,Normal
2025-11-28,NEFT CR-HSBC0400002-WABTEC INDIA INDUSTRIAL PVT LTD-SHARATH KUMAR N-HSBCN33296887218,Transfers,₹0.00,"₹168,751.00","₹168,751.00",⚠️ Outlier
2025-11-28,UPI-BLINKIT-BLINKIT.RZP@HDFCBANK-HDFC0MERUPI-123252496338-PAYVIARAZORPAY,Groceries,₹277.00,₹0.00,₹-277.00,Normal
2025-11-28,UPI-NPCI BHIM-BHIMCASHBACK@HDFCBANK-HDFC0000001-102068128042-BHIMCASHBACK,Other,₹0.00,₹3.00,₹3.00,Normal
2025-11-28,UPI-BBNOW-BBNOW.EBZ@HDFCBANK-HDFC0MERUPI-120045648161-PAY,Other,₹702.00,₹0.00,₹-702.00,Normal
2025-11-28,UPI-MR  PRASHANTHA-BHARATPE9Z0D7X3Q0B273157@YESBANKLTD-YESB0YESUPI-569869953567-PAY TO BHARATPE ME,Other,₹18.00,₹0.00,₹-18.00,Normal
2025-11-29,UPI-CRED-CRED.CLUB@AXISB-UTIB0000114-533360060252-PAYMENT ON CRED,Other,"₹5,000.00",₹0.00,"₹-5,000.00",Normal
2025-11-29,IMPS-533311987975-SHARATH KUMAR-IDFB-XXXXXXX0706-,Transfers,"₹45,000.00",₹0.00,"₹-45,000.00",⚠️ Outlier
2025-11-29,UPI-SHARATH KUMAR N-8792445855-2@YBL-IDFB0040101-124858339104-PAYMENT FROM PHONE,Other,"₹20,000.00",₹0.00,"₹-20,000.00",Normal
2025-11-29,UPI-CHANDRA KUMAR N-8151800050-2@YBL-SBIN0011286-784440163729-PAYMENT FROM PHONE,Other,₹500.00,₹0.00,₹-500.00,Normal
2025-11-30,UPI-SHARATH KUMAR N-8792445855-2@YBL-IDFB0040101-531136399112-PAYMENT FROM PHONE,Other,"₹14,000.00",₹0.00,"₹-14,000.00",Normal
2025-11-30,UPI-NANJUNDAPA L-8147593435-794JP@JIO-HDFC0001759-845999174169-PAYMENT FROM PHONE,Other,"₹2,000.00",₹0.00,"₹-2,000.00",Normal
2025-11-30,UPI-NPCI BHIM-BHIMCASHBACK@HDFCBANK-HDFC0000001-102083628066-BHIMCASHBACK,Other,₹0.00,₹3.00,₹3.00,Normal
2025-11-30,UPI-SRI GANVI ENTERPRISE-PAYTM.D14089747314@PTY-YESB0MCHUPI-160723970876-NO REMARKS,Other,"₹2,098.20",₹0.00,"₹-2,098.20",Normal
2025-11-30,UPI-SHARATH KUMAR N-8792445855-2@YBL-IDFB0040101-338842776370-PAYMENT FROM PHONE,Other,₹0.00,"₹4,821.00","₹4,821.00",Normal
2025-12-01,UPI-SRI MARUTHI FRUITS A-PAYTMQR60L0Y6@PTYS-YESB0PTMUPI-533523978245-PAID VIA SUPERMONE,Other,₹86.00,₹0.00,₹-86.00,Normal
2025-12-01,UPI-SHARATH KUMAR N-8792445855-2@YBL-IDFB0040101-019355760429-PAYMENT FROM PHONE,Other,"₹6,214.00",₹0.00,"₹-6,214.00",Normal
2025-12-02,UPI-G  SARAVANA-SARAVANAG507@OKHDFCBANK-CNRB0000033-533649396425-PAID VIA SUPERMONE,Other,₹3.00,₹0.00,₹-3.00,Normal
2025-12-02,UPI-RAJ PUROHIT SWEETS-RAJPUROHITSWEETS.41924642@HDFCBANK-HDFC0MERUPI-533654309656-PAID VIA SUPERMONE,Other,₹230.00,₹0.00,₹-230.00,Normal
2025-12-02,UPI-CRED-CRED.CLUB@AXISB-UTIB0000114-533665404068-PAYMENT ON CRED,Other,"₹7,317.89",₹0.00,"₹-7,317.89",Normal
2025-12-02,UPI-MR J  SEETHARAM-9035703218823@YBL-MAHB0001682-407887575352-PAYMENT FROM PHONE,Other,₹0.00,"₹64,000.00","₹64,000.00",⚠️ Outlier
2025-12-02,UPI-G  SARAVANA-SARAVANAG507@OKHDFCBANK-CNRB0000033-533649386650-PAID VIA SUPERMONE,Other,₹86.00,₹0.00,₹-86.00,Normal
2025-12-02,UPI-AIRTEL PAYMENTS BANK-AIRTELPAYMENTSBANKLIMI-8042727.PAYU@INDUS-INDB0MERCHA-533600517414-UPI TRANSACTION,Bills,"₹1,500.00",₹0.00,"₹-1,500.00",Normal
2025-12-02,UPI-AMUL RAJ LEO S-JOELEO626-2@OKAXIS-DBSS0IN0811-533647020536-PAID VIA SUPERMONE,Other,₹78.00,₹0.00,₹-78.00,Normal
2025-12-02,UPI-TOBOX VENTURES PRIVA-GOKHANA.PAYU@AXISBANK-UTIB0003156-110408399351-UPIINTENT,Other,₹26.00,₹0.00,₹-26.00,Normal
2025-12-02,UPI-JITHIN BABU-SHREYASJITHINBABU-1@OKHDFCBANK-HDFC0000076-792274865238-PAYMENT FROM PHONE,Other,₹530.00,₹0.00,₹-530.00,Normal
2025-12-02,UPI-VEENA-PAYTM.S101T7Y@PTY-YESB0MCHUPI-533645458127-PAID VIA SUPERMONE,Other,₹18.00,₹0.00,₹-18.00,Normal
2025-12-02,UPI-NPCI BHIM-BHIMCASHBACK@HDFCBANK-HDFC0000001-102108879219-BHIMCASHBACK,Other,₹0.00,₹3.00,₹3.00,Normal
2025-12-03,UPI-MATHAJI HOME APPLIAN-PAYTMQRGON1LYMGQD@PAYTM-YESB0PTMUPI-192151575456-NO REMARKS,Other,₹50.00,₹0.00,₹-50.00,Normal
2025-12-03,UPI-PRAKASH SHETTY-PAYTMQR6VBBOR@PTYS-YESB0PTMUPI-533777011780-PAID VIA SUPERMONE,Other,₹20.00,₹0.00,₹-20.00,Normal
2025-12-03,UPI-SPOTIFY INDIA PVT LT-SPOTIFY.BDSI@HDFCBANK-HDFC0MERUPI-102125415018-UPI MANDATE,Entertainment,₹1.00,₹0.00,₹-1.00,Normal
2025-12-03,UPI-SHARATH KUMAR N-8792445855-2@YBL-IDFB0040101-746649964021-PAYMENT FROM PHONE,Other,"₹6,000.00",₹0.00,"₹-6,000.00",Normal
2025-12-03,UPI-SHIVAPRAKASH B R-PAYTMQRB5D8I9KQEL@PAYTM-YESB0PTMUPI-191510501100-NO REMARKS,Other,₹180.00,₹0.00,₹-180.00,Normal
2025-12-03,UPI-MR MANJUNATH  R-Q396565793@YBL-YESB0YBLUPI-533772835699-PAID VIA SUPERMONE,Other,₹300.00,₹0.00,₹-300.00,Normal
2025-12-03,UPI-MR  PRASHANTHA-BHARATPE9Z0D7X3Q0B273157@YESBANKLTD-YESB0YESUPI-533772290609-PAY TO BHARATPE ME,Other,₹19.00,₹0.00,₹-19.00,Normal
2025-12-03,UPI-AIRBNB PAYMENTS INDI-AIRBNBPAYMENTSI667925.RZP@RXAXIS-UTIB0000RZP-115838662280-HOTEL,Other,"₹2,977.94",₹0.00,"₹-2,977.94",Normal
2025-12-03,UPI-MD CAR WASH AND INTE-VYAPAR.171407495203@HDFCBANK-HDFC0MERUPI-533773596329-PAID VIA SUPERMONE,Other,₹200.00,₹0.00,₹-200.00,Normal
2025-12-03,UPI-SPOTIFY INDIA PVT LT-SPOTIFY.BDSI@HDFCBANK-HDFC0000001-102125487488-MANDATE REFUND TES,Entertainment,₹0.00,₹1.00,₹1.00,Normal
2025-12-04,UPI-CHERRY SQUARE-VYAPAR.171295075783@HDFCBANK-HDFC0MERUPI-533868542831-PAID VIA CRED,Other,₹431.00,₹0.00,₹-431.00,Normal
2025-12-04,UPI-MR DINESH  H V-Q208633448@YBL-YESB0YBLUPI-533887776417-PAID VIA SUPERMONE,Other,₹50.00,₹0.00,₹-50.00,Normal
2025-12-04,UPI-MR DINESH  H V-Q208633448@YBL-YESB0YBLUPI-533887792672-PAID VIA SUPERMONE,Other,₹10.00,₹0.00,₹-10.00,Normal
2025-12-04,UPI-CHAITRA SERVICE STAT-PAYTM-133489@PTYS-YESB0PTMUPI-070954102188-NO REMARKS,Other,"₹3,000.00",₹0.00,"₹-3,000.00",Normal
2025-12-04,UPI-CHINNAMMA S NAIVEDYA-GPAY-11256505873@OKBIZAXIS-UTIB0000553-533889709955-PAID VIA SUPERMONE,Other,₹139.00,₹0.00,₹-139.00,Normal
2025-12-04,UPI-MAHESHA A-9591077570-2@AXL-BARB0SAHAKA-839131021701-PAYMENT FROM PHONE,Other,₹0.00,"₹1,500.00","₹1,500.00",Normal
2025-12-04,UPI-MACHALI-MACHALI.67074063@HDFCBANK-HDFC0MERUPI-533868184216-PAID VIA CRED,Other,₹660.00,₹0.00,₹-660.00,Normal
2025-12-04,UPI-VEERESH-9036239345@KBL-KARB0000476-533895158916-PAID VIA SUPERMONE,Other,₹130.00,₹0.00,₹-130.00,Normal
2025-12-04,UPI-THANNIRBAVI BLUE FLA-THANN87628864@BARODAMPAY-BARB0VJFOUN-533898043459-VERIFIED MERCHANT,Other,₹60.00,₹0.00,₹-60.00,Normal
2025-12-05,UPI-CHANDRA KUMAR N-8151800050-2@AXL-SBIN0011286-919187744203-PAYMENT FROM PHONE,Other,₹0.00,"₹3,300.00","₹3,300.00",Normal
2025-12-05,UPI-CHANDRA KUMAR N-8151800050-2@AXL-SBIN0011286-414564771298-PAYMENT FROM PHONE,Other,₹0.00,"₹12,000.00","₹12,000.00",Normal
2025-12-05,UPI-AIR FIBER ONBOARDING-PAYTM-80610929@PTYBL-YESB0PTMUPI-296178423781-OIDNO0001A7VONA@RE,Other,"₹1,200.00",₹0.00,"₹-1,200.00",Normal
2025-12-05,ACH D- TP ACH ICICI BANK-2026800392,Other,"₹50,871.00",₹0.00,"₹-50,871.00",⚠️ Outlier
2025-12-06,UPI-SHARATH KUMAR N-8792445855-2@YBL-IDFB0040101-314103420607-PAYMENT FROM PHONE,Other,"₹15,300.00",₹0.00,"₹-15,300.00",Normal
2025-12-06,UPI-SMART BAZAAR  BENGAL-2432684656971-01@JIOPAY-JIOP0000001-570643726335-PAID VIA SUPERMONE,Other,₹540.00,₹0.00,₹-540.00,Normal
2025-12-06,UPI-SMART BAZAAR  BENGAL-2432684656971-01@JIOPAY-JIOP0000001-570643752639-PAID VIA SUPERMONE,Other,₹25.00,₹0.00,₹-25.00,Normal
2025-12-06,UPI-SRI MARUTHI BAKERY A-PAYTMQR5Y1JN8@PTYS-YESB0PTMUPI-570643926453-PAID VIA SUPERMONE,Other,₹56.00,₹0.00,₹-56.00,Normal
2025-12-07,UPI-ZEPTO MARKETPLACE-ZEPTONOW-2.BDPG@HDFCBANK-HDFC0MERUPI-095024816365-NO REMARKS,Groceries,₹146.00,₹0.00,₹-146.00,Normal
2025-12-07,UPI-NPCI BHIM-BHIMCASHBACK@HDFCBANK-HDFC0000001-102157984821-BHIMCASHBACK,Other,₹0.00,₹2.00,₹2.00,Normal
2025-12-07,UPI-DEEPAK M T-Q131014171@YBL-YESB0YBLUPI-570769304215-PAID VIA SUPERMONE,Other,₹210.00,₹0.00,₹-210.00,Normal
2025-12-08,UPI-PRAKASH SHETTY-Q059932670@YBL-YESB0YBLUPI-570888048067-PAID VIA SUPERMONE,Other,₹18.00,₹0.00,₹-18.00,Normal
2025-12-09,UPI-BALAJI P-PAYTM.S12WEAK@PTY-YESB0MCHUPI-534313947431-PAID VIA SUPERMONE,Other,₹100.00,₹0.00,₹-100.00,Normal
2025-12-09,UPI-TOBOX VENTURES PRIVA-GOKHANA.PAYU@AXISBANK-UTIB0003156-182044032968-UPIINTENT,Other,₹14.00,₹0.00,₹-14.00,Normal
2025-12-09,UPI-VEENA-PAYTM.S101T7Y@PTY-YESB0MCHUPI-534310952748-PAID VIA SUPERMONE,Other,₹19.00,₹0.00,₹-19.00,Normal
2025-12-09,UPI-TOBOX VENTURES PRIVA-GOKHANA.PAYU@AXISBANK-UTIB0003156-180557425900-UPIINTENT,Other,₹76.00,₹0.00,₹-76.00,Normal
2025-12-09,UPI-TOBOX VENTURES PRIVA-GOKHANA.PAYU@AXISBANK-UTIB0003156-131427932682-UPIINTENT,Other,₹40.00,₹0.00,₹-40.00,Normal
2025-12-09,UPI-NPCI BHIM-BHIMCASHBACK@HDFCBANK-HDFC0000001-102174735106-BHIMCASHBACK,Other,₹0.00,₹3.00,₹3.00,Normal
2025-12-09,UPI-TOBOX VENTURES PRIVA-GOKHANA.PAYU@AXISBANK-UTIB0003156-105540900898-UPIINTENT,Other,₹90.00,₹0.00,₹-90.00,Normal
2025-12-09,UPI-MR  PRASHANTHA-BHARATPE9Z0D7X3Q0B273157@YESBANKLTD-YESB0YESUPI-534303800240-PAY TO BHARATPE ME,Other,₹86.00,₹0.00,₹-86.00,Normal
2025-12-09,UPI-TOBOX VENTURES PRIVA-GOKHANA.PAYU@AXISBANK-UTIB0003156-162143249901-UPIINTENT,Other,₹28.00,₹0.00,₹-28.00,Normal
2025-12-10,UPI-TOBOX VENTURES PRIVA-GOKHANA.PAYU@AXISBANK-UTIB0003156-102202618153-UPIINTENT,Other,₹30.00,₹0.00,₹-30.00,Normal
2025-12-10,UPI-NPCI BHIM-BHIMCASHBACK@HDFCBANK-HDFC0000001-102183101170-BHIMCASHBACK,Other,₹0.00,₹3.00,₹3.00,Normal
2025-12-10,UPI-SELVAM SUMATHI-PAYTM.S1TNOGU@PTY-YESB0MCHUPI-534433173736-PAID VIA SUPERMONE,Other,₹19.00,₹0.00,₹-19.00,Normal
2025-12-10,UPI-PRAMILA RAI-PAYTM.S1KP5G8@PTY-YESB0MCHUPI-534433337031-PAID VIA SUPERMONE,Other,₹150.00,₹0.00,₹-150.00,Normal
2025-12-10,UPI-SUDHIR KAMATHK-Q572441027@YBL-YESB0YBLUPI-534433612186-PAID VIA SUPERMONE,Other,₹30.00,₹0.00,₹-30.00,Normal
2025-12-10,UPI-SRIDEVI Y S-Q238441361@YBL-YESB0YBLUPI-534433644865-PAID VIA SUPERMONE,Other,₹28.00,₹0.00,₹-28.00,Normal
2025-12-11,UPI-P PRAKASH-PAYTMQRKUCZL83HIC@PAYTM-YESB0PTMUPI-534553378123-PAID VIA SUPERMONE,Other,₹18.00,₹0.00,₹-18.00,Normal
2025-12-11,UPI-IYENGARS BREAD BASKE-PAYTMQR6AHTFL@PTYS-YESB0PTMUPI-534557711523-PAID VIA SUPERMONE,Other,₹170.00,₹0.00,₹-170.00,Normal
2025-12-11,UPI-TOBOX VENTURES PRIVA-GOKHANA.PAYU@AXISBANK-UTIB0003156-662542772012-UPIINTENT,Other,₹5.00,₹0.00,₹-5.00,Normal
2025-12-11,UPI-DE GRAND FAMILY REST-Q668389157@YBL-YESB0YBLUPI-534557921456-PAID VIA SUPERMONE,Other,₹160.00,₹0.00,₹-160.00,Normal
2025-12-11,UPI-TOBOX VENTURES PRIVA-GOKHANA.PAYU@AXISBANK-UTIB0003156-103349915257-UPIINTENT,Other,₹60.00,₹0.00,₹-60.00,Normal
2025-12-11,UPI-TOBOX VENTURES PRIVA-GOKHANA.PAYU@AXISBANK-UTIB0003156-102757688945-UPIINTENT,Other,₹4.00,₹0.00,₹-4.00,Normal
2025-12-11,UPI-SRINIVASAPPA V-9686970828@IBL-CNRB0000033-534547597474-PAID VIA SUPERMONE,Other,₹10.00,₹0.00,₹-10.00,Normal
2025-12-11,UPI-NPCI BHIM-BHIMCASHBACK@HDFCBANK-HDFC0000001-102192423634-BHIMCASHBACK,Other,₹0.00,₹3.00,₹3.00,Normal
2025-12-12,UPI-JAYARAM-Q347386144@YBL-YESB0YBLUPI-534669433437-PAID VIA SUPERMONE,Other,₹30.00,₹0.00,₹-30.00,Normal
2025-12-12,UPI-PRAKASH SHETTY-Q059932670@YBL-YESB0YBLUPI-534672145920-PAID VIA SUPERMONE,Other,₹18.00,₹0.00,₹-18.00,Normal
2025-12-12,UPI-SWIGGY DINERS-SWIGGYDINEIN@ICICI-ICIC0DC0099-134834182887-NO REMARKS,Food,₹491.00,₹0.00,₹-491.00,Normal
2025-12-12,UPI-NPCI BHIM-BHIMCASHBACK@HDFCBANK-HDFC0000001-102202421187-BHIMCASHBACK,Other,₹0.00,₹2.00,₹2.00,Normal
2025-12-12,UPI-CHANDRA KUMAR N-8151800050-2@YBL-SBIN0011286-958000980172-PAYMENT FROM PHONE,Other,₹500.00,₹0.00,₹-500.00,Normal
2025-12-13,UPI-CRED-CRED.UTILITY@AXISB-UTIB0000114-534779651847-PAYMENT ON CRED,Bills,₹469.00,₹0.00,₹-469.00,Normal
2025-12-13,UPI-CRED-CRED.TELECOM@AXISB-UTIB0000114-534779652217-PAYMENT ON CRED,Other,₹914.50,₹0.00,₹-914.50,Normal
2025-12-13,UPI-CHANDRA KUMAR N-8151800050-2@AXL-SBIN0011286-507584492300-PAYMENT FROM PHONE,Other,₹0.00,"₹3,500.00","₹3,500.00",Normal
2025-12-13,UPI-THE MEAT HUB-Q163582892@YBL-YESB0YBLUPI-534797785486-PAID VIA SUPERMONE,Other,₹418.00,₹0.00,₹-418.00,Normal
2025-12-14,UPI-MEGHA FUEL PARK-PAYTM-82708712@PTYS-YESB0PTMUPI-571414410266-PAID VIA SUPERMONE,Other,"₹4,622.66",₹0.00,"₹-4,622.66",Normal
2025-12-16,UPI-MONISHA C-BHARATPE.90071800982@FBPE-FDRL0001382-571657794913-PAY TO BHARATPE ME,Other,₹40.00,₹0.00,₹-40.00,Normal
2025-12-16,UPI-PRAMILA RAI-PAYTM.S1KP5G8@PTY-YESB0MCHUPI-571663921352-PAID VIA SUPERMONE,Other,₹220.00,₹0.00,₹-220.00,Normal
2025-12-16,UPI-MR  PRASHANTHA-BHARATPE9Z0D7X3Q0B273157@YESBANKLTD-YESB0YESUPI-571667419248-PAY TO BHARATPE ME,Other,₹18.00,₹0.00,₹-18.00,Normal
2025-12-17,UPI-TOBOX VENTURES PRIVA-GOKHANA.PAYU@AXISBANK-UTIB0003156-869213042251-UPIINTENT,Other,₹30.00,₹0.00,₹-30.00,Normal
2025-12-17,UPI-P PRAKASH-PAYTMQRKUCZL83HIC@PAYTM-YESB0PTMUPI-571780876691-PAID VIA SUPERMONE,Other,₹73.00,₹0.00,₹-73.00,Normal
2025-12-17,UPI-AIRTEL PAYMENTS BANK-AIRTELPAYMENTSBANKLIMI-8042727.PAYU@INDUS-INDB0MERCHA-535100735319-PAY,Bills,₹0.00,"₹1,500.00","₹1,500.00",Normal
2025-12-17,UPI-RAVICHANDRAN R-RAVICHANDRAN.12K@OKICICI-ICIC0002340-133713072296-NO REMARKS,Other,"₹1,160.00",₹0.00,"₹-1,160.00",Normal
2025-12-17,UPI-NPCI BHIM-BHIMCASHBACK@HDFCBANK-HDFC0000001-102237350595-BHIMCASHBACK,Other,₹0.00,₹2.00,₹2.00,Normal
2025-12-17,UPI-RAJESH KUMAR BHAGAT-PAYTMQR6VWQ7B@PTYS-YESB0PTMUPI-571786118502-PAID VIA SUPERMONE,Other,₹90.00,₹0.00,₹-90.00,Normal
2025-12-17,UPI-THE MEAT HUB-Q163582892@YBL-YESB0YBLUPI-535185197145-PAID VIA CRED,Other,₹346.00,₹0.00,₹-346.00,Normal
2025-12-17,UPI-MR SATYENDRA  SINGH-Q119936553@YBL-YESB0YBLUPI-571791777157-PAID VIA SUPERMONE,Other,₹36.00,₹0.00,₹-36.00,Normal
2025-12-18,UPI-SRI MARUTHI FRUITS A-PAYTMQR625N1U@PTYS-YESB0PTMUPI-535286232821-PAID VIA CRED,Other,₹28.00,₹0.00,₹-28.00,Normal
2025-12-18,UPI-MONISHA C-BHARATPE.90071800982@FBPE-FDRL0001382-535209014174-PAY TO BHARATPE ME,Other,₹21.00,₹0.00,₹-21.00,Normal
2025-12-18,UPI-UDUPI GARDENIA VEG R-BHARATPE09911546549@YESBANKLTD-YESB0YESUPI-535203728450-PAY TO BHARATPE ME,Food,₹55.00,₹0.00,₹-55.00,Normal
2025-12-18,UPI-VENU B R S O RAMASWA-6362372868@YBL-PKGB0010883-059851587881-PAYMENT FROM PHONE,Other,₹0.00,"₹24,000.00","₹24,000.00",Normal
2025-12-18,IMPS-535210646986-SHARATH KUMAR N-SBIN-XXXXXXX3864-SELF,Transfers,₹0.00,"₹20,000.00","₹20,000.00",Normal
2025-12-18,UPI-JAGADISH N-7411102637-2@YBL-CNRB0000033-075885335523-PAYMENT FROM PHONE,Other,₹0.00,"₹11,000.00","₹11,000.00",Normal
2025-12-18,IMPS-535210927635-SHARATH KUMAR-IDFB-XXXXXXX0706-,Transfers,"₹31,000.00",₹0.00,"₹-31,000.00",⚠️ Outlier
2025-12-18,UPI-MR  PRASHANTHA-BHARATPE9Z0D7X3Q0B273157@YESBANKLTD-YESB0YESUPI-535202246688-PAY TO BHARATPE ME,Other,₹10.00,₹0.00,₹-10.00,Normal
2025-12-19,UPI-MR  PRASHANTHA-BHARATPE9Z0D7X3Q0B273157@YESBANKLTD-YESB0YESUPI-535326162366-PAY TO BHARATPE ME,Other,₹20.00,₹0.00,₹-20.00,Normal
2025-12-19,UPI-ARAYA KKANDIYIL SANE-PAYTMQR6N81GO@PTYS-YESB0PTMUPI-535326905732-PAID VIA SUPERMONE,Other,₹38.00,₹0.00,₹-38.00,Normal
2025-12-19,UPI-SACHIN B-SACHINSHETTY1615-1@OKAXIS-CNRB0000033-571961948710-DISCOUNT AMOUNT TR,Other,₹0.00,₹574.00,₹574.00,Normal
2025-12-19,UPI-NANJUNDAPA L-8147593435-794JP@JIO-HDFC0001759-840007532209-PAYMENT FROM PHONE,Other,"₹20,000.00",₹0.00,"₹-20,000.00",Normal
2025-12-20,UPI-MANGALAGOWRI ENTERPR-PAYTMQR6I8KAF@PTYS-YESB0PTMUPI-535455129332-PAID VIA SUPERMONE,Other,₹18.00,₹0.00,₹-18.00,Normal
2025-12-20,UPI-MR  PRASHANTHA-BHARATPE9Z0D7X3Q0B273157@YESBANKLTD-YESB0YESUPI-535447516259-PAY TO BHARATPE ME,Other,₹30.00,₹0.00,₹-30.00,Normal
2025-12-20,UPI-MR SHASHIKUMAR-BHARATPE.9H0I0Q7D4F248741@FBPE-FDRL0001382-535450949175-PAY TO BHARATPE ME,Other,₹31.00,₹0.00,₹-31.00,Normal
2025-12-20,UPI-RIDEVENTUR KAWASAKI -Q29515864@YBL-YESB0YBLUPI-535451487016-PAID VIA SUPERMONE,Other,"₹6,979.00",₹0.00,"₹-6,979.00",Normal
2025-12-20,UPI-MR SHASHIKUMAR-BHARATPE.9H0I0Q7D4F248741@FBPE-FDRL0001382-535452000821-PAY TO BHARATPE ME,Other,₹49.00,₹0.00,₹-49.00,Normal
2025-12-20,UPI-HDFC LIMITED BILLDES-HDFCLIMITED.BILLDESK@HDFCBANK-HDFC0MERUPI-172752871809-PAY,Bills,"₹2,360.00",₹0.00,"₹-2,360.00",Normal
2025-12-20,UPI-SRINIVASAIAH H-9611972868@KBL-KARB0000677-535453232409-PAID VIA SUPERMONE,Other,"₹1,000.00",₹0.00,"₹-1,000.00",Normal
2025-12-20,UPI-MR J  SEETHARAM-9035703218823@AXL-MAHB0001682-209732075832-PAYMENT FROM PHONE,Other,₹0.00,"₹57,500.00","₹57,500.00",⚠️ Outlier
2025-12-21,UPI-MR  PRASHANTHA-BHARATPE9Z0D7X3Q0B273157@YESBANKLTD-YESB0YESUPI-535571406277-PAY TO BHARATPE ME,Other,₹97.00,₹0.00,₹-97.00,Normal
2025-12-21,UPI-HARISH KUMAR R-Q083729993@YBL-YESB0YBLUPI-535569897879-PAID VIA SUPERMONE,Other,₹38.00,₹0.00,₹-38.00,Normal
2025-12-21,UPI-AL AZIZ CHICKEN AND -PAYTMQR6V010O@PTYS-YESB0PTMUPI-535569873728-PAID VIA SUPERMONE,Other,₹140.00,₹0.00,₹-140.00,Normal
2025-12-22,UPI-MR  PRASHANTHA-BHARATPE9Z0D7X3Q0B273157@YESBANKLTD-YESB0YESUPI-535696223724-PAY TO BHARATPE ME,Other,₹29.00,₹0.00,₹-29.00,Normal
2025-12-22,UPI-SRI MARUTHI FRUITS A-PAYTMQR60L0Y6@PTYS-YESB0PTMUPI-535696234317-PAID VIA SUPERMONE,Other,₹28.00,₹0.00,₹-28.00,Normal
2025-12-22,UPI-MVENKATESHA-Q794550957@YBL-YESB0YBLUPI-535698053806-PAID VIA SUPERMONE,Other,₹28.00,₹0.00,₹-28.00,Normal
2025-12-22,UPI-MD CAR WASH AND INTE-VYAPAR.171407495203@HDFCBANK-HDFC0MERUPI-535698452131-PAID VIA SUPERMONE,Other,₹550.00,₹0.00,₹-550.00,Normal
2025-12-23,UPI-BALAJI WINE CENTRE-329656036059060@CNRB-CNRB0010307-572321596199-PAID VIA SUPERMONE,Other,₹525.00,₹0.00,₹-525.00,Normal
2025-12-23,UPI-CRED-CRED.FASTAG@AXISB-UTIB0000114-535791377683-PAYMENT ON CRED,Bills,₹200.00,₹0.00,₹-200.00,Normal
2025-12-23,UPI-GANESH TRADERS-PAYTM.S154MMR@PTY-YESB0MCHUPI-572314541662-PAID VIA SUPERMONE,Other,₹272.00,₹0.00,₹-272.00,Normal
2025-12-23,UPI-VINNAKOTA PRASHANTH-9642066651@YESCRED-ICIC0000365-748145302556-PAYMENT FROM PHONE,Other,₹1.00,₹0.00,₹-1.00,Normal
2025-12-23,UPI-MADESHWARA EGG RICE -PAYTMQR68IRRX@PTYS-YESB0PTMUPI-572321884989-PAID VIA SUPERMONE,Other,₹150.00,₹0.00,₹-150.00,Normal
2025-12-24,MIRAE ASSET MF-TSD1268662371,Other,₹0.00,"₹109,118.01","₹109,118.01",⚠️ Outlier
2025-12-24,UPI-CHANDRA KUMAR N-8151800050-2@YBL-SBIN0011286-585100167507-PAYMENT FROM PHONE,Other,"₹1,000.00",₹0.00,"₹-1,000.00",Normal
2025-12-24,UPI-AIRTEL RECHARGE-AIRTELPREDIRECT1@YBL-YESB0YBLUPI-167541930962-PAYMENT FROM PHONE,Bills,₹40.50,₹0.00,₹-40.50,Normal
2025-12-24,UPI-CHANDRA KUMAR N-8151800050-2@YBL-SBIN0011286-758231431738-PAYMENT FROM PHONE,Other,"₹1,000.00",₹0.00,"₹-1,000.00",Normal
2025-12-25,UPI-CLYDE RENWICK SILVA-CLYDE21RENWICK-2@OKICICI-UBIN0916633-572564766529-PAID VIA SUPERMONE,Other,"₹1,500.00",₹0.00,"₹-1,500.00",Normal
2025-12-25,UPI-MRSRESHMA PRABODH NA-9823878799@ICICI-ICIC0DC0099-572568391434-PAID VIA SUPERMONE,Other,"₹2,150.00",₹0.00,"₹-2,150.00",Normal
2025-12-25,UPI-RAZORPAY-PG.RAZORPAY@AXISBANK-UTIB0001506-482903243595-AIRBNBPREFUNDRVPGK,Refunds,₹0.00,"₹1,334.12","₹1,334.12",Normal
2025-12-25,UPI-ARJUN Y GAONKAR-Q266773306@YBL-YESB0YBLUPI-572558008142-PAID VIA SUPERMONE,Other,₹30.00,₹0.00,₹-30.00,Normal
2025-12-25,UPI-MAHAMAD ZUBAIR-ZUBAIR97423@YBL-PUNB0203110-116166989227-PAY BY WHATSAPP,Other,₹472.00,₹0.00,₹-472.00,Normal
2025-12-25,UPI-NANJUNDAPA L-8147593435-794JP@JIO-HDFC0001759-396831295668-PAYMENT FROM PHONE,Other,"₹1,000.00",₹0.00,"₹-1,000.00",Normal
2025-12-25,UPI-AIRBNB PAYMENTS INDI-AIRBNBPAYMENTSI667925.RZP@RXAXIS-UTIB0000RZP-171603339534-NO REMARKS,Other,"₹1,334.12",₹0.00,"₹-1,334.12",Normal
2025-12-26,UPI-NETFLIX COM-NETFLIXUPI.PAYU@HDFCBANK-HDFC0MERUPI-102300207455-MONTHLY AUTOPAY. C,Bills,₹199.00,₹0.00,₹-199.00,Normal
2025-12-26,UPI-CLYDE RENWICK SILVA-CLYDE21RENWICK-2@OKICICI-UBIN0916633-572679760831-PAID VIA SUPERMONE,Other,"₹1,500.00",₹0.00,"₹-1,500.00",Normal
2025-12-26,UPI-CECILIA FERNANDES-PAYTM.S1ARS40@PTY-YESB0MCHUPI-572680290252-PAID VIA SUPERMONE,Other,₹90.00,₹0.00,₹-90.00,Normal
2025-12-26,UPI-NANJUNDAPA L-8147593435-794JP@JIO-HDFC0001759-983779937341-PAYMENT FROM PHONE,Other,₹50.00,₹0.00,₹-50.00,Normal
2025-12-26,UPI-MARY SANTANA LOWREN -MARYSANTANALOWRENROD.68059380@HDFCBANK-HDFC0MERUPI-572681166941-PAID VIA SUPERMONE,Other,₹600.00,₹0.00,₹-600.00,Normal
2025-12-26,UPI-SWIGGY LIMITED-SWIGGY.STORES@AXB-UTIB0000100-124308631682-PAY FOR INTENT,Other,₹655.00,₹0.00,₹-655.00,Normal
2025-12-26,UPI-SHARATH KUMAR N-8792445855-2@YBL-IDFB0040101-192220062578-ZOMATO ORDERS,Entertainment,₹778.00,₹0.00,₹-778.00,Normal
2025-12-26,UPI-PRASANNA KUMAR L-PRASANNA.PK34@OKAXIS-IDFB0040101-536082845722-UPI,Other,₹0.00,"₹7,000.00","₹7,000.00",Normal
2025-12-27,UPI-FIROZ K KHAN-FIROZ67@OKAXIS-HDFC0001215-536102597211-UPI,Other,₹0.00,₹600.00,₹600.00,Normal
2025-12-27,UPI-FIROZ K KHAN-FIROZ67@OKHDFCBANK-HDFC0001215-116263175231-UPI,Other,₹0.00,"₹2,400.00","₹2,400.00",Normal
2025-12-27,UPI-ICECUBE-PAYTM.S1ARTBQ@PTY-YESB0MCHUPI-536104425356-PAID VIA SUPERMONE,Other,₹250.00,₹0.00,₹-250.00,Normal
2025-12-27,UPI-UDAY JAYANDRANATH SA-PAYTMQR5WZEUX@PTYS-YESB0PTMUPI-536112114930-PAID VIA SUPERMONE,Other,₹230.00,₹0.00,₹-230.00,Normal
2025-12-27,UPI-NPCI BHIM-BHIMCASHBACK@HDFCBANK-HDFC0000001-102307978605-BHIMCASHBACK,Other,₹0.00,₹3.00,₹3.00,Normal
2025-12-27,UPI-SWIGGY LIMITED-SWIGGY.STORES@AXB-UTIB0000100-095510030643-PAY FOR INTENT,Other,₹209.00,₹0.00,₹-209.00,Normal
2025-12-27,UPI-RATAN BAHADUR KHATI-RATANKHATI07@OKHDFCBANK-HDFC0003364-536103019675-PAID VIA SUPERMONE,Other,₹280.00,₹0.00,₹-280.00,Normal
2025-12-28,UPI-CLYDE RENWICK SILVA-CLYDE21RENWICK-2@OKICICI-UBIN0916633-536223153662-PAID VIA SUPERMONE,Other,"₹1,500.00",₹0.00,"₹-1,500.00",Normal
2025-12-28,UPI-MARY SANTANA LOWREN -MARYSANTANALOWRENROD.68059380@HDFCBANK-HDFC0MERUPI-536224290309-PAID VIA SUPERMONE,Other,₹910.00,₹0.00,₹-910.00,Normal
2025-12-28,UPI-NANJUNDAPA L-8147593435-794JP@JIO-HDFC0001759-339046592833-PAYMENT FROM PHONE,Other,"₹5,000.00",₹0.00,"₹-5,000.00",Normal
2025-12-28,UPI-MALLIKARJUN-PAYTMQR6MLXH2@PTYS-YESB0PTMUPI-536226372282-PAID VIA SUPERMONE,Other,₹55.00,₹0.00,₹-55.00,Normal
2025-12-28,UPI-PRAVEEN KUMAR-8970457855-2@YBL-BARB0VJYEOT-536231836548-PAID VIA SUPERMONE,Other,₹953.00,₹0.00,₹-953.00,Normal
2025-12-28,UPI-CAFE IFTAR MULTICUIS-PAYTM.S1QF6L4@PTY-YESB0MCHUPI-536234163857-PAID VIA SUPERMONE,Food,₹15.00,₹0.00,₹-15.00,Normal
2025-12-29,UPI-SRI MARUTHI FRUITS A-PAYTMQR60L0Y6@PTYS-YESB0PTMUPI-536355988426-PAID VIA SUPERMONE,Other,₹80.00,₹0.00,₹-80.00,Normal
2025-12-29,UPI-MR ROHIT KUMAR GUPTA-BHARATPE9K0K7F3O0L334658@YESBANKLTD-YESB0YESUPI-536355932641-PAY TO BHARATPE ME,Other,₹60.00,₹0.00,₹-60.00,Normal
2025-12-29,IMPS-536310969214-SHARATH KUMAR-IDFB-XXXXXXX0706-,Transfers,"₹91,000.00",₹0.00,"₹-91,000.00",⚠️ Outlier
2025-12-29,UPI-PHONEPE-SV2512112238344230219611@YBL-YESB0YBLUPI-753906984821-PAYMENT FROM PHONE,Other,₹855.50,₹0.00,₹-855.50,Normal
2025-12-29,UPI-MR  PRASHANTHA-BHARATPE9Z0D7X3Q0B273157@YESBANKLTD-YESB0YESUPI-536355863839-PAY TO BHARATPE ME,Other,₹18.00,₹0.00,₹-18.00,Normal
2025-12-30,UPI-CRED-CRED.CLUB@AXISB-UTIB0000114-573000863292-PAYMENT ON CRED,Other,"₹16,332.84",₹0.00,"₹-16,332.84",Normal
2025-12-30,UPI-SRI MARUTHI FRUITS A-PAYTMQR6FFT0G@PTYS-YESB0PTMUPI-536479057681-PAID VIA SUPERMONE,Other,₹60.00,₹0.00,₹-60.00,Normal
2025-12-30,UPI-SRI MARUTHI FRUITS A-PAYTMQR60L0Y6@PTYS-YESB0PTMUPI-536478965394-PAID VIA SUPERMONE,Other,₹136.00,₹0.00,₹-136.00,Normal
2025-12-30,IMPS-536418938892-SHARATH KUMAR-IDFB-XXXXXXX0706-REMING 20K FROM JA,EMI,"₹26,000.00",₹0.00,"₹-26,000.00",Normal
2025-12-30,UPI-CRED-CRED.CLUB@AXISB-UTIB0000114-573000874717-PAYMENT ON CRED,Other,"₹19,697.00",₹0.00,"₹-19,697.00",Normal
2025-12-30,UPI-MR ROHIT KUMAR GUPTA-BHARATPE9K0K7F3O0L334658@YESBANKLTD-YESB0YESUPI-536475909319-PAY TO BHARATPE ME,Other,₹30.00,₹0.00,₹-30.00,Normal
2025-12-30,UPI-UDUPI GARDENIA VEG R-BHARATPE09911546549@YESBANKLTD-YESB0YESUPI-536470535583-PAY TO BHARATPE ME,Food,₹55.00,₹0.00,₹-55.00,Normal
2025-12-30,UPI-AIRTEL RECHARGE-AIRTELPREDIRECT2@YBL-YESB0YBLUPI-907483617691-PAYMENT FROM PHONE,Bills,₹382.00,₹0.00,₹-382.00,Normal
2025-12-30,NEFT CR-HSBC0400002-WABTEC INDIA INDUSTRIAL PVT LTD-SHARATH KUMAR N-HSBCN36405123734,Transfers,₹0.00,"₹168,793.00","₹168,793.00",⚠️ Outlier
2025-12-30,UPI-SANTHOSH INDANE GAS -PAYTMQR28100505010165X2CVJ5D1FH@PAYTM-YESB0PTMUPI-536471245230-PAID VIA SUPERMONE,Other,₹60.00,₹0.00,₹-60.00,Normal
2025-12-30,UPI-SRI MARUTHI FRUITS A-PAYTMQR6FFT0G@PTYS-YESB0PTMUPI-536470812770-PAID VIA SUPERMONE,Other,₹60.00,₹0.00,₹-60.00,Normal
2025-12-30,UPI-MR  PRASHANTHA-BHARATPE9Z0D7X3Q0B273157@YESBANKLTD-YESB0YESUPI-536470798437-PAY TO BHARATPE ME,Other,₹18.00,₹0.00,₹-18.00,Normal
2025-12-30,UPI-MR  PRASHANTHA-BHARATPE9Z0D7X3Q0B273157@YESBANKLTD-YESB0YESUPI-536475841529-PAY TO BHARATPE ME,Other,₹29.00,₹0.00,₹-29.00,Normal
2025-12-31,UPI-MONISHA C-BHARATPE.90071800982@FBPE-FDRL0001382-573101386116-PAY TO BHARATPE ME,Other,₹30.00,₹0.00,₹-30.00,Normal
2025-12-31,UPI-SWIGGY LTD-SWIGGYUPI@AXB-UTIB0000100-221312714376-PAY FOR INTENT,Other,₹396.00,₹0.00,₹-396.00,Normal
2026-01-01,UPI-SARAV JEET SINGH-Q371793324@YBL-YESB0YBLUPI-636726889430-PAID VIA SUPERMONE,Other,₹18.00,₹0.00,₹-18.00,Normal
2026-01-01,UPI-SAI FOODS-PAYTM.S1FDLAL@PTY-YESB0MCHUPI-636726866910-PAID VIA SUPERMONE,Other,₹30.00,₹0.00,₹-30.00,Normal
2026-01-01,UPI-CHANDRA KUMAR N-8151800050-2@YBL-SBIN0011286-546465140637-PAYMENT FROM PHONE,Other,"₹2,000.00",₹0.00,"₹-2,000.00",Normal
2026-01-01,IMPS-600115912931-SHARATH KUMAR-IDFB-XXXXXXX0706-,Transfers,"₹10,000.00",₹0.00,"₹-10,000.00",Normal
2026-01-01,NWD-526099XXXXXX0381-70835623-BANGALORE,Other,"₹3,000.00",₹0.00,"₹-3,000.00",Normal
2026-01-01,UPI-MR  PRASHANTHA-BHARATPE9Z0D7X3Q0B273157@YESBANKLTD-YESB0YESUPI-636723531929-PAY TO BHARATPE ME,Other,₹29.00,₹0.00,₹-29.00,Normal
2026-01-01,INTEREST PAID TILL 31-DEC-2025,Other,₹0.00,₹209.00,₹209.00,Normal
2026-01-01,NWD-526099XXXXXX0381-70835623-BANGALORE,Other,"₹10,000.00",₹0.00,"₹-10,000.00",Normal
2026-01-02,UPI-HARSHITHA R-HARSHITHAR959@OKHDFCBANK-HDFC0001756-116563353482-UPI,Other,₹0.00,"₹80,000.00","₹80,000.00",⚠️ Outlier
2026-01-02,UPI-THE MEAT HUB-Q163582892@YBL-YESB0YBLUPI-636853922137-PAID VIA SUPERMONE,Other,₹107.00,₹0.00,₹-107.00,Normal
2026-01-02,UPI-MR SATYENDRA  SINGH-Q069065333@YBL-YESB0YBLUPI-636853741286-PAID VIA SUPERMONE,Other,₹20.00,₹0.00,₹-20.00,Normal
2026-01-02,UPI-UDUPI GARDENIA VEG-Q529919232@YBL-YESB0YBLUPI-636853709898-PAID VIA SUPERMONE,Food,₹95.00,₹0.00,₹-95.00,Normal
2026-01-02,UPI-MR  PRASHANTHA-BHARATPE9Z0D7X3Q0B273157@YESBANKLTD-YESB0YESUPI-636850397861-PAY TO BHARATPE ME,Other,₹28.00,₹0.00,₹-28.00,Normal
2026-01-02,UPI-MR  PRASHANTHA-BHARATPE9Z0D7X3Q0B273157@YESBANKLTD-YESB0YESUPI-636850334329-PAY TO BHARATPE ME,Other,₹18.00,₹0.00,₹-18.00,Normal
2026-01-02,UPI-VENU B R-6362372868@AXL-PKGB0010883-074357143974-PAYMENT FROM PHONE,Other,₹0.00,"₹25,000.00","₹25,000.00",Normal
2026-01-02,UPI-GNGADHAR-DKGANGADHAR5@OKAXIS-YESB0000737-886847871905-PAYMENT FROM PHONE,Other,₹50.00,₹0.00,₹-50.00,Normal
2026-01-02,IMPS-600213971528-SHARATH KUMAR-IDFB-XXXXXXX0706-,Transfers,"₹320,000.00",₹0.00,"₹-320,000.00",⚠️ Outlier
2026-01-02,UPI-MR  PRASHANTHA-BHARATPE9Z0D7X3Q0B273157@YESBANKLTD-YESB0YESUPI-636843084149-PAY TO BHARATPE ME,Other,₹19.00,₹0.00,₹-19.00,Normal
2026-01-02,UPI-MR SANJAY  KUMAR-Q984838747@YBL-YESB0YBLUPI-636843798171-PAID VIA SUPERMONE,Other,₹20.00,₹0.00,₹-20.00,Normal
2026-01-02,UPI-CHANDRA KUMAR N-8151800050-2@YBL-SBIN0011286-465532148803-PAYMENT FROM PHONE,Other,"₹2,000.00",₹0.00,"₹-2,000.00",Normal
2026-01-02,IMPS-600212954688-N PRAGATHI-HDFC-XXXXXXXXXX6028-,Transfers,₹0.00,"₹240,000.00","₹240,000.00",⚠️ Outlier
2026-01-02,UPI-SUBRATA BISWAS-8101271645@PTYES-SBIN0011374-636844154837-PAID VIA SUPERMONE,Other,₹77.00,₹0.00,₹-77.00,Normal
2026-01-03,UPI-TEJAS S-Q998963178@YBL-YESB0YBLUPI-636974032700-PAID VIA SUPERMONE,Other,₹25.00,₹0.00,₹-25.00,Normal
2026-01-03,UPI-FARUK PASHA-BHARATPE.9X0J0D0J1K976733@UNITYPE-UNBA000BHPE-636973981969-PAY TO BHARATPE ME,Other,₹10.00,₹0.00,₹-10.00,Normal
2026-01-03,UPI-FARUK PASHA-BHARATPE.9X0J0D0J1K976733@UNITYPE-UNBA000BHPE-636973977989-PAY TO BHARATPE ME,Other,₹140.00,₹0.00,₹-140.00,Normal
2026-01-03,UPI-AMBAREESH-Q302463300@YBL-YESB0YBLUPI-636973935689-PAID VIA SUPERMONE,Other,₹150.00,₹0.00,₹-150.00,Normal
2026-01-03,50200077650762-TPT-SITE NO 64-THRIVE 360EAST REALTY VENTURES,Transfers,"₹694,958.00",₹0.00,"₹-694,958.00",⚠️ Outlier
2026-01-03,PAYZAPP_W2A_CREDIT,Other,₹0.00,"₹50,000.00","₹50,000.00",⚠️ Outlier
2026-01-03,UPI-NANJUNDAPPA SHARATH -8792445855@PZW-PPIW0887128-232000990996-REMARK,Other,₹0.00,"₹100,000.00","₹100,000.00",⚠️ Outlier
2026-01-03,UPI-KHAWJA-PAYTM.S1ON1G7@PTY-YESB0MCHUPI-636969190712-PAID VIA SUPERMONE,Other,₹10.00,₹0.00,₹-10.00,Normal
2026-01-03,UPI-HARSHITH GOWDA M-BHARATPE.8T0F0U4U2Y07754@FBPE-FDRL0001382-636969108655-PAY TO HARSHITH GO,Other,₹500.00,₹0.00,₹-500.00,Normal
2026-01-03,UPI-MR  PRASHANTHA-BHARATPE9Z0D7X3Q0B273157@YESBANKLTD-YESB0YESUPI-636968119710-PAY TO BHARATPE ME,Other,₹28.00,₹0.00,₹-28.00,Normal
2026-01-03,UPI-HARSHITHA R-HARSHITHAR959-1@OKICICI-CNRB0000033-600325251553-UPI,Other,₹0.00,"₹48,000.00","₹48,000.00",⚠️ Outlier
2026-01-03,IMPS-600313092791-MR SHARATH KUMAR N-IDFB-XXXXXXXX5855-IMPSTXN,Transfers,₹0.00,"₹433,000.00","₹433,000.00",⚠️ Outlier
2026-01-04,UPI-PARVEZ PASHA-PASHAPARVEZ@IBL-FDRL0007777-600405003474-PAID VIA SUPERMONE,Other,₹203.00,₹0.00,₹-203.00,Normal
2026-01-04,UPI-R PRASHANTHA-9008314947@JIO-JIOP0000001-600402373663-PAID VIA SUPERMONE,Other,₹140.00,₹0.00,₹-140.00,Normal
2026-01-04,UPI-ZOMATO LIMITED-ZOMATO-ORDER@PTYBL-YESB0PTMUPI-175258988909-ZOMATO PAYMENT,Entertainment,₹200.00,₹0.00,₹-200.00,Normal
2026-01-04,UPI-ZOMATO-PAYZOMATO@HDFCBANK-HDFC0000001-102386759644-ORDER REFUND,Entertainment,₹0.00,₹150.00,₹150.00,Normal
2026-01-04,UPI-MR  PRASHANTHA-BHARATPE9Z0D7X3Q0B273157@YESBANKLTD-YESB0YESUPI-637097630611-PAY TO BHARATPE ME,Other,₹28.00,₹0.00,₹-28.00,Normal
2026-01-04,UPI-V N CHETHAN-PAYTMQR1OGEWE7T6T@PAYTM-YESB0PTMUPI-637096438354-PAID VIA SUPERMONE,Other,₹50.00,₹0.00,₹-50.00,Normal
2026-01-04,UPI-ZOMATO-PAYZOMATO@HDFCBANK-HDFC0MERUPI-174639230183-NO REMARKS,Entertainment,₹150.00,₹0.00,₹-150.00,Normal
2026-01-05,UPI-MR  PRASHANTHA-BHARATPE9Z0D7X3Q0B273157@YESBANKLTD-YESB0YESUPI-600524041153-PAY TO BHARATPE ME,Other,₹28.00,₹0.00,₹-28.00,Normal
2026-01-05,UPI-CHANDRA KUMAR N-8151800050-2@AXL-SBIN0011286-645510598104-PAYMENT FROM PHONE,Other,₹0.00,"₹3,300.00","₹3,300.00",Normal
2026-01-05,UPI-CHANDRA KUMAR N-8151800050-2@YBL-SBIN0011286-262416877444-PAYMENT FROM PHONE,Other,₹0.00,"₹12,000.00","₹12,000.00",Normal
2026-01-05,UPI-MR  PRASHANTHA-BHARATPE9Z0D7X3Q0B273157@YESBANKLTD-YESB0YESUPI-600527088694-PAY TO BHARATPE ME,Other,₹19.00,₹0.00,₹-19.00,Normal
2026-01-05,S0DOAWTZTERGHE/RAZPCREDCLUB,Other,"₹196,760.16",₹0.00,"₹-196,760.16",⚠️ Outlier
2026-01-05,UPI-RAJESH KUMAR GUPTA-PAYTMQR6FT26Z@PTYS-YESB0PTMUPI-600529954131-PAID VIA SUPERMONE,Other,₹36.00,₹0.00,₹-36.00,Normal
2026-01-05,UPI-NASCOMPANY COMMUNITI-STRIPE-NASCOMPANYCOMMUNITI@HDFCBANK-HDFC0MERUPI-102394332978-Y,Other,₹999.00,₹0.00,₹-999.00,Normal
2026-01-05,UPI-NANJUNDAPPA SHARATH -8792445855@PZW-PPIW0887128-884574210333-REMARK,Other,₹0.00,"₹47,000.00","₹47,000.00",⚠️ Outlier
2026-01-05,ACH D- TP ACH ICICI BANK-2059345269,Other,"₹50,871.00",₹0.00,"₹-50,871.00",⚠️ Outlier
2026-01-05,50100529150921-TPT-NBMAST2GRFNJV27V-NANJUNDAPA L,Transfers,₹0.00,"₹100,000.00","₹100,000.00",⚠️ Outlier
2026-01-05,UPI-SRI MARUTHI FRUITS A-PAYTMQR60L0Y6@PTYS-YESB0PTMUPI-600516035689-PAID VIA SUPERMONE,Other,₹28.00,₹0.00,₹-28.00,Normal
2026-01-05,UPI-MR  PRASHANTHA-BHARATPE9Z0D7X3Q0B273157@YESBANKLTD-YESB0YESUPI-600518904337-PAY TO BHARATPE ME,Other,₹10.00,₹0.00,₹-10.00,Normal
2026-01-05,UPI-SRI MARUTHI FRUITS A-PAYTMQR60L0Y6@PTYS-YESB0PTMUPI-600518918506-PAID VIA SUPERMONE,Other,₹80.00,₹0.00,₹-80.00,Normal
2026-01-05,UPI-RUKMINI-7899933513-2@YBL-UBIN0932671-833468254514-PAYMENT FROM PHONE,Other,₹0.00,"₹100,000.00","₹100,000.00",⚠️ Outlier
2026-01-06,UPI-MR SATYENDRA  SINGH-Q119936553@YBL-YESB0YBLUPI-600644314724-PAID VIA SUPERMONE,Other,₹18.00,₹0.00,₹-18.00,Normal
2026-01-06,UPI-CHANDRA KUMAR N-8151800050-2@YBL-SBIN0011286-555437692336-PAYMENT FROM PHONE,Other,"₹4,000.00",₹0.00,"₹-4,000.00",Normal
2026-01-06,IMPS-600611947759-SHARATH KUMAR-IDFB-XXXXXXX0706-,Transfers,"₹5,000.00",₹0.00,"₹-5,000.00",Normal
2026-01-06,UPI-M S NMPC HEALTH CARE-IBKPOS.EP180627@ICICI-ICIC0000004-600643732181-PAID VIA SUPERMONE,Other,"₹1,267.00",₹0.00,"₹-1,267.00",Normal
2026-01-06,UPI-UDUPI GARDENIA VEG-Q529919232@YBL-YESB0YBLUPI-600644045862-PAID VIA SUPERMONE,Food,₹64.00,₹0.00,₹-64.00,Normal
2026-01-06,UPI-ZEPTO MARKETPLACE PR-PINELABS.10372375@PINEAXIS-UTIB000SETU-151552020554-NO REMARKS,Groceries,₹165.00,₹0.00,₹-165.00,Normal
2026-01-07,UPI-TATA 1MG HEALTHCARE -1MGTECHNOLOGIES@PTYBL-YESB0PTMUPI-213610002720-TRANSACTIONNOTE,Other,₹453.00,₹0.00,₹-453.00,Normal
2026-01-07,UPI-MR  CHINIII-GPAY-11264417290@OKBIZAXIS-UTIB0000553-600774083777-PAID VIA SUPERMONE,Other,₹110.00,₹0.00,₹-110.00,Normal
2026-01-07,UPI-ZEPTO MARKETPLACE PR-CF.ZEPTOMARKETPLACEPR@CASHFREENSDLPB-NSPB0000011-084251865442-NO REMARKS,Groceries,₹370.00,₹0.00,₹-370.00,Normal
2026-01-07,UPI-MR KANIKARAJ C-PAYTMQR6VWR7C@PTYS-YESB0PTMUPI-600770682546-PAID VIA SUPERMONE,Other,₹40.00,₹0.00,₹-40.00,Normal
2026-01-08,UPI-SRI MARUTHI FRUITS A-PAYTMQR60L0Y6@PTYS-YESB0PTMUPI-600888679316-PAID VIA SUPERMONE,Other,₹28.00,₹0.00,₹-28.00,Normal
2026-01-08,UPI-TOBOX VENTURES PRIVA-PAYTM-14464838@PTYBL-YESB0PTMUPI-795017465376-PAYMENT FROM PHONE,Other,₹84.00,₹0.00,₹-84.00,Normal
2026-01-09,IB BILLPAY DR-HDFC92-434155XXXXXX8879,Bills,"₹287,000.00",₹0.00,"₹-287,000.00",⚠️ Outlier
2026-01-09,UPI-MRS NETHRAVATHI K V-Q077087346@YBL-YESB0YBLUPI-637525390873-PAID VIA SUPERMONE,Other,₹21.00,₹0.00,₹-21.00,Normal
2026-01-09,UPI-N PRAGATHI-9611849194@IBL-HDFC0000628-861743377044-PAYMENT FROM PHONE,Other,₹0.00,"₹1,300.00","₹1,300.00",Normal
2026-01-09,IMPS-600919994683-RAPIPAY FINTECH PVT -IDFB-XXXXXXX9735-10067966586451140,Transfers,₹0.00,"₹58,789.00","₹58,789.00",⚠️ Outlier
2026-01-09,IMPS-600919842968-RAPIPAY FINTECH PRIVATE LIMITED-YESB-XXXXXXXXXXX0050-10050000081775948 STLMNT,Transfers,₹0.00,₹1.00,₹1.00,Normal
2026-01-09,UPI-SWAPNA S D-Q099721808@YBL-YESB0YBLUPI-637521945735-PAID VIA SUPERMONE,Other,₹8.00,₹0.00,₹-8.00,Normal
2026-01-09,IMPS-600913512757-SHARATH KUMAR N-SBIN-XXXXXXX3864-SELF TRANSFER,Transfers,₹0.00,"₹185,000.00","₹185,000.00",⚠️ Outlier
2026-01-09,UPI-SUNIL KUMARACHARI-PAYTM.S1FA1NH@PTY-YESB0MCHUPI-637525179204-PAID VIA SUPERMONE,Other,₹40.00,₹0.00,₹-40.00,Normal
2026-01-10,UPI-UDUPI GARDENIA VEG-Q529919232@YBL-YESB0YBLUPI-637641560200-PAID VIA SUPERMONE,Food,₹55.00,₹0.00,₹-55.00,Normal
2026-01-10,UPI-IRSHAD AHMED-PAYTMQR2810050501011DSCXILO62KB@PAYTM-YESB0PTMUPI-637642192856-PAID VIA SUPERMONE,Other,₹150.00,₹0.00,₹-150.00,Normal
2026-01-11,UPI-MANJUNATHA M-MANJUNATHA.2446-6@WAAXIS-CNRB0000033-601116867111-UPI,Other,₹0.00,"₹2,000.00","₹2,000.00",Normal
2026-01-11,IB BILLPAY DR-HDFC92-434155XXXXXX8879,Bills,"₹12,909.00",₹0.00,"₹-12,909.00",Normal
2026-01-11,UPI-DEVARAJ SO BASAVARAJ-DEVARAJBAGALI6198@YBL-HDFC0000514-532562258150-PAYMENT FROM PHONE,Other,₹0.00,"₹7,000.00","₹7,000.00",Normal
2026-01-11,UPI-CHANDRA KUMAR N-8151800050-2@YBL-SBIN0011286-402661103683-PAYMENT FROM PHONE,Other,₹500.00,₹0.00,₹-500.00,Normal
2026-01-11,UPI-MANJUNATHA M-MANJUNATHA.2446-6@WAAXIS-CNRB0000033-601113852404-UPI,Other,₹0.00,"₹2,000.00","₹2,000.00",Normal
2026-01-12,UPI-AIRTEL RECHARGE-AIRTELPREDIRECT1@YBL-YESB0YBLUPI-105801426591-PAYMENT FROM PHONE,Bills,₹28.50,₹0.00,₹-28.50,Normal
2026-01-12,IMPS-601218942709-SHARATH KUMAR-IDFB-XXXXXXX0706-,Transfers,"₹31,000.00",₹0.00,"₹-31,000.00",⚠️ Outlier
2026-01-12,CHDFNXX189IU9T/BILLDKYESBANKLIMITED,Bills,"₹206,489.00",₹0.00,"₹-206,489.00",⚠️ Outlier
2026-01-12,UPI-CHANDRA KUMAR N-8151800050-2@YBL-SBIN0011286-773185897659-PAYMENT FROM PHONE,Other,"₹3,000.00",₹0.00,"₹-3,000.00",Normal
2026-01-12,UPI-AXIS BANK LIMITED-FCPGAXISBANKBSFI@FREECHARGE-UTIB0000131-588530766865-PAYMENT FROM PHONE,Other,"₹17,500.00",₹0.00,"₹-17,500.00",Normal
2026-01-12,NEFT CR-CBIN0280859-NANJUNDAPA L S O-SHARATH KUMAR N-CBINH26012233617,Transfers,₹0.00,"₹250,000.00","₹250,000.00",⚠️ Outlier
2026-01-13,UPI-MR  PRASHANTHA-BHARATPE9Z0D7X3Q0B273157@YESBANKLTD-YESB0YESUPI-601318506191-PAY TO BHARATPE ME,Other,₹28.00,₹0.00,₹-28.00,Normal
2026-01-13,UPI-VISHWANATHAN MEENAKS-PAYTM.S1FWDQK@PTY-YESB0MCHUPI-601321387112-PAID VIA SUPERMONE,Other,₹220.00,₹0.00,₹-220.00,Normal
2026-01-13,UPI-MR ROHIT KUMAR GUPTA-BHARATPE9K0K7F3O0L334658@YESBANKLTD-YESB0YESUPI-601318550590-PAY TO BHARATPE ME,Other,₹30.00,₹0.00,₹-30.00,Normal
2026-01-13,UPI-MR  PRASHANTHA-BHARATPE9Z0D7X3Q0B273157@YESBANKLTD-YESB0YESUPI-601318509977-PAY TO BHARATPE ME,Other,₹2.00,₹0.00,₹-2.00,Normal
2026-01-13,UPI-CRED-CRED.TELECOM@AXISB-UTIB0000114-637920492330-PAYMENT ON CRED,Other,₹914.50,₹0.00,₹-914.50,Normal
2026-01-13,UPI-ANGELINE JENNIFER-PAYTMQR6QJVTR@PTYS-YESB0PTMUPI-601321428367-PAID VIA SUPERMONE,Other,₹80.00,₹0.00,₹-80.00,Normal
2026-01-13,UPI-MR PRAVEEN KUMAR N S-7676539499@YBL-CBIN0280859-276537435297-PAYMENT FROM PHONE,Other,₹0.00,"₹5,000.00","₹5,000.00",Normal
2026-01-13,UPI-TOBOX VENTURES PRIVA-PAYTM-14464838@PTYBL-YESB0PTMUPI-968015102435-PAYMENT FROM PHONE,Other,₹30.00,₹0.00,₹-30.00,Normal
2026-01-13,UPI-CHANDRA KUMAR N-8151800050-2@IBL-SBIN0011286-976717330211-PAYMENT FROM PHONE,Other,₹0.00,"₹4,000.00","₹4,000.00",Normal
2026-01-13,UPI-SAI NANDHINI SERVICE-PAYTMQR5D523Z@PTYS-YESB0PTMUPI-601310373562-PAID VIA SUPERMONE,Other,"₹3,000.00",₹0.00,"₹-3,000.00",Normal
2026-01-13,UPI-CRED-CRED.UTILITY@AXISB-UTIB0000114-637920491311-PAYMENT ON CRED,Bills,₹367.00,₹0.00,₹-367.00,Normal
2026-01-14,IMPS-601409990881-SHARATH KUMAR-IDFB-XXXXXXX0706-,Transfers,"₹40,000.00",₹0.00,"₹-40,000.00",⚠️ Outlier
2026-01-14,UPI-TOBOX VENTURES PRIVA-GOKHANA.PAYU@INDUS-INDB0MERCHA-100018464656-PAY,Other,₹0.00,₹27.64,₹27.64,Normal
2026-01-14,UPI-TOBOX VENTURES PRIVA-GOKHANA.PAYU@INDUS-INDB0MERCHA-601436171363-UPIINTENT,Other,"₹1,000.00",₹0.00,"₹-1,000.00",Normal
2026-01-14,UPI-MR KANIKARAJ C-PAYTMQR6VWR7C@PTYS-YESB0PTMUPI-601440411950-PAID VIA SUPERMONE,Other,₹45.00,₹0.00,₹-45.00,Normal
2026-01-14,UPI-MR  PRASHANTHA-BHARATPE9Z0D7X3Q0B273157@YESBANKLTD-YESB0YESUPI-601442904922-PAY TO BHARATPE ME,Other,₹40.00,₹0.00,₹-40.00,Normal
2026-01-14,UPI-ZEPTONOW-ZEPTONOW.ESBZ@MAIRTEL-AIRP0000001-200234727562-NO REMARKS,Groceries,₹329.80,₹0.00,₹-329.80,Normal
2026-01-15,UPI-SHABBIR-PAYTMQR6TZSOB@PTYS-YESB0PTMUPI-601569130741-PAID VIA SUPERMONE,Other,₹220.00,₹0.00,₹-220.00,Normal
2026-01-15,UPI-SRI MARUTHI FRUITS A-PAYTMQR60L0Y6@PTYS-YESB0PTMUPI-601568729758-PAID VIA SUPERMONE,Other,₹62.00,₹0.00,₹-62.00,Normal
2026-01-15,UPI-SS LIQUOR ZONE-PAYTMQR60L09T@PTYS-YESB0PTMUPI-601568621253-PAID VIA SUPERMONE,Other,"₹1,180.00",₹0.00,"₹-1,180.00",Normal
2026-01-15,UPI-MR  PRASHANTHA-BHARATPE9Z0D7X3Q0B273157@YESBANKLTD-YESB0YESUPI-601568542222-PAY TO BHARATPE ME,Other,₹56.00,₹0.00,₹-56.00,Normal
2026-01-15,UPI-S M CONDIMENTS-PAYTMQR604Q15@PTYS-YESB0PTMUPI-601566168532-PAID VIA SUPERMONE,Other,₹32.00,₹0.00,₹-32.00,Normal
2026-01-15,UPI-MOHAN KUSHWANA-PAYTMQR6HVLZ2@PTYS-YESB0PTMUPI-601566113863-PAID VIA SUPERMONE,Other,₹60.00,₹0.00,₹-60.00,Normal
2026-01-15,UPI-RAGHVENDRA KUMAR-PAYTMQR6AOXBI@PTYS-YESB0PTMUPI-601561638320-PAID VIA SUPERMONE,Other,₹30.00,₹0.00,₹-30.00,Normal
2026-01-15,UPI-MR  PRASHANTHA-BHARATPE9Z0D7X3Q0B273157@YESBANKLTD-YESB0YESUPI-601560141007-PAY TO BHARATPE ME,Other,₹30.00,₹0.00,₹-30.00,Normal
2026-01-15,UPI-UDUPI GARDENIA VEG-Q529919232@YBL-YESB0YBLUPI-601559788415-PAID VIA SUPERMONE,Food,₹70.00,₹0.00,₹-70.00,Normal
2026-01-15,UPI-EBO MART PRIVATE LIM-EBOMARTPRIVATELIMITE.99956795@HDFCBANK-HDFC0MERUPI-601565421249-PAID VIA SUPERMONE,Other,"₹1,683.00",₹0.00,"₹-1,683.00",Normal
2026-01-16,UPI-UDUPI GARDENIA VEG-Q529919232@YBL-YESB0YBLUPI-601681583989-PAID VIA SUPERMONE,Food,₹110.00,₹0.00,₹-110.00,Normal
2026-01-16,UPI-MOHAMED ASIF K-MOHAMEDASIFK@KBL-KARB0000054-601691110380-PAID VIA SUPERMONE,Other,₹20.00,₹0.00,₹-20.00,Normal
2026-01-16,UPI-AK ENTERPRISES-PAYTM.S1RLUWY@PTY-YESB0MCHUPI-601692009708-PAID VIA SUPERMONE,Other,₹20.00,₹0.00,₹-20.00,Normal
2026-01-16,UPI-NOOR AHMED LASKAR-PAYTMQR281005050101I1F0W1MLYCPE@PAYTM-YESB0PTMUPI-601692151700-PAID VIA SUPERMONE,Other,₹50.00,₹0.00,₹-50.00,Normal
2026-01-16,UPI-AL AMAL CAFE-ALAMALCAFE.67039725@HDFCBANK-HDFC0MERUPI-601692594285-PAID VIA SUPERMONE,Food,₹336.00,₹0.00,₹-336.00,Normal
2026-01-16,UPI-TANU S MUTTON BIRYAN-GPAY-11265855396@OKBIZAXIS-UTIB0000553-601692814968-PAID VIA SUPERMONE,Other,₹480.00,₹0.00,₹-480.00,Normal
2026-01-17,UPI-MRS SHILA  DEVI-Q334549192@YBL-YESB0YBLUPI-638314888061-PAID VIA SUPERMONE,Other,₹20.00,₹0.00,₹-20.00,Normal
2026-01-17,UPI-ZEPTO-ZEPTOONLINE@YBL-YESB0YBLUPI-094535178907-NO REMARKS,Groceries,₹220.00,₹0.00,₹-220.00,Normal
2026-01-17,UPI-DIVYA DEVI-Q713216494@YBL-YESB0YBLUPI-638313727175-PAID VIA SUPERMONE,Other,₹20.00,₹0.00,₹-20.00,Normal
2026-01-17,UPI-MADRAS TIFFINS-Q204748736@YBL-YESB0YBLUPI-638314539812-PAID VIA SUPERMONE,Food,₹196.00,₹0.00,₹-196.00,Normal
2026-01-18,UPI-NEIGHBOURHOOD VENTUR-BHARATPE907720176139@YESBANKLTD-YESB0YESUPI-638435313075-PAY TO NEIGHBOURHO,Other,₹134.00,₹0.00,₹-134.00,Normal
2026-01-18,UPI-PINK BERRY 8-Q061564221@YBL-YESB0YBLUPI-638428043128-PAID VIA SUPERMONE,Entertainment,₹390.00,₹0.00,₹-390.00,Normal
2026-01-18,UPI-MR SATYENDRA  SINGH-Q069065333@YBL-YESB0YBLUPI-638427969462-PAID VIA SUPERMONE,Other,₹68.00,₹0.00,₹-68.00,Normal
2026-01-18,UPI-UDUPI GARDENIA VEG-Q604690475@YBL-YESB0YBLUPI-638427752940-PAID VIA SUPERMONE,Food,₹55.00,₹0.00,₹-55.00,Normal
2026-01-19,UPI-UDUPI GARDENIA VEG-Q529919232@YBL-YESB0YBLUPI-638549185705-PAID VIA SUPERMONE,Food,₹70.00,₹0.00,₹-70.00,Normal
2026-01-19,UPI-MANJAPPA-Q951522219@YBL-YESB0YBLUPI-638549401109-PAID VIA SUPERMONE,Other,₹30.00,₹0.00,₹-30.00,Normal
2026-01-19,UPI-AMAZON INDIA-AMAZON@RAPL-RATN000RAPL-601993381835-REQUEST FROM AMAZO,Other,₹240.00,₹0.00,₹-240.00,Normal
2026-01-19,UPI-MR  PRASHANTHA-BHARATPE9Z0D7X3Q0B273157@YESBANKLTD-YESB0YESUPI-638556492170-PAY TO BHARATPE ME,Other,₹30.00,₹0.00,₹-30.00,Normal
2026-01-19,UPI-MR ROHIT KUMAR GUPTA-BHARATPE9K0K7F3O0L334658@YESBANKLTD-YESB0YESUPI-638556583261-PAY TO BHARATPE ME,Other,₹30.00,₹0.00,₹-30.00,Normal
2026-01-20,UPI-DELHI NARAYANAPPA SE-PAYTMQR12C90T@PAYTM-YESB0PTMUPI-638672181577-PAID VIA SUPERMONE,Other,₹500.00,₹0.00,₹-500.00,Normal
2026-01-20,UPI-P PRAKASH-PAYTMQRKUCZL83HIC@PAYTM-YESB0PTMUPI-638677965896-PAID VIA SUPERMONE,Other,₹18.00,₹0.00,₹-18.00,Normal
2026-01-21,UPI-MR J  SEETHARAM-9035703218823@AXL-MAHB0001682-494109887837-PAYMENT FROM PHONE,Other,₹0.00,"₹57,500.00","₹57,500.00",⚠️ Outlier
2026-01-21,IMPS-602116752058-MR SHARATH KUMAR N-IDFB-XXXXXXXX5855-IMPSTXN,Transfers,₹0.00,"₹20,000.00","₹20,000.00",Normal
2026-01-21,UPI-NANJUNDAPA L-8147593435-794JP@JIO-HDFC0001759-295977678236-PAYMENT FROM PHONE,Other,"₹20,000.00",₹0.00,"₹-20,000.00",Normal
2026-01-21,UPI-NPCI BHIM-BHIMCASHBACK@HDFCBANK-HDFC0000001-102510672720-BHIMCASHBACK,Other,₹0.00,₹10.00,₹10.00,Normal
2026-01-21,UPI-RELIANCE RETAIL LIMI-JPSL.JP2100001004425281@KOTAKPAY-KKBK0JPUPIA-081118859698-PAY FOR INTENT,Other,₹105.00,₹0.00,₹-105.00,Normal
2026-01-21,UPI-RAJESH KUMAR GUPTA-PAYTMQR6FT26Z@PTYS-YESB0PTMUPI-602101154005-PAID VIA SUPERMONE,Other,₹22.00,₹0.00,₹-22.00,Normal
2026-01-22,UPI-MR  PRASHANTHA-BHARATPE9Z0D7X3Q0B273157@YESBANKLTD-YESB0YESUPI-602216519398-PAY TO BHARATPE ME,Other,₹22.00,₹0.00,₹-22.00,Normal
2026-01-22,UPI-RAJESHWARI-PAYTMQR652WV0@PTYS-YESB0PTMUPI-602221405076-PAID VIA SUPERMONE,Other,₹23.00,₹0.00,₹-23.00,Normal
2026-01-22,UPI-SRIDEVI Y S-Q807228081@YBL-YESB0YBLUPI-602224378381-PAID VIA SUPERMONE,Other,₹55.00,₹0.00,₹-55.00,Normal
2026-01-23,UPI-MR  PRASHANTHA-BHARATPE9Z0D7X3Q0B273157@YESBANKLTD-YESB0YESUPI-602344163466-PAY TO BHARATPE ME,Other,₹31.00,₹0.00,₹-31.00,Normal
2026-01-23,UPI-AL AZIZ CHICKEN AND -PAYTMQR6V010O@PTYS-YESB0PTMUPI-602344279022-PAID VIA SUPERMONE,Other,₹211.00,₹0.00,₹-211.00,Normal
2026-01-23,UPI-SUKHANYA B-PAYTM.S1IRBRB@PTY-YESB0MCHUPI-602344299590-PAID VIA SUPERMONE,Other,₹45.00,₹0.00,₹-45.00,Normal
2026-01-24,UPI-UDUPI GARDENIA VEG-Q529919232@YBL-YESB0YBLUPI-602473691975-PAID VIA SUPERMONE,Food,₹180.00,₹0.00,₹-180.00,Normal
2026-01-24,UPI-AIRTEL-AIRTEL.PAYU@AXISBANK-UTIB0003156-602467209880-UPIINTENT,Bills,"₹1,500.00",₹0.00,"₹-1,500.00",Normal
2026-01-24,UPI-MR J  SEETHARAM-9035703218823@YBL-MAHB0001682-016606977868-PAYMENT FROM PHONE,Other,₹0.00,"₹12,000.00","₹12,000.00",Normal
2026-01-24,UPI-MR  PRASHANTHA-BHARATPE9Z0D7X3Q0B273157@YESBANKLTD-YESB0YESUPI-602469884223-PAY TO BHARATPE ME,Other,₹30.00,₹0.00,₹-30.00,Normal
2026-01-24,UPI-APPLE MEDIA SERVICES-APPLESERVICES.BDSI@HDFCBANK-HDFC0MERUPI-102537946450-EXECUTION TEST,Other,₹5.00,₹0.00,₹-5.00,Normal
2026-01-24,UPI-APPLE MEDIA SERVICES-APPLESERVICES.BDSI@HDFCBANK-HDFC0000001-102538104754-MANDATE REFUND TES,Refunds,₹0.00,₹5.00,₹5.00,Normal
2026-01-25,UPI-KARTHIK  R-KARTHIKPREETHU20@YBL-KKBK0008282-888277189238-PAYMENT FROM PHONE,Other,"₹40,000.00",₹0.00,"₹-40,000.00",⚠️ Outlier
2026-01-25,UPI-MR  PRASHANTHA-BHARATPE9Z0D7X3Q0B273157@YESBANKLTD-YESB0YESUPI-602596124520-PAY TO BHARATPE ME,Other,₹50.00,₹0.00,₹-50.00,Normal
2026-01-25,UPI-MR J  SEETHARAM-9035703218823@YBL-MAHB0001682-435989360554-PAYMENT FROM PHONE,Other,"₹20,000.00",₹0.00,"₹-20,000.00",Normal
2026-01-26,UPI-MR  PRASHANTHA-BHARATPE9Z0D7X3Q0B273157@YESBANKLTD-YESB0YESUPI-639219699323-PAY TO BHARATPE ME,Other,₹30.00,₹0.00,₹-30.00,Normal
2026-01-26,UPI-SHIVAPRAKASH B R-PAYTMQRB5D8I9KQEL@PAYTM-YESB0PTMUPI-639220628009-PAID VIA SUPERMONE,Other,₹380.00,₹0.00,₹-380.00,Normal
2026-01-26,UPI-NAGARAJ-Q185705088@YBL-YESB0YBLUPI-639220760394-PAID VIA SUPERMONE,Other,₹30.00,₹0.00,₹-30.00,Normal
2026-01-27,UPI-SRI MARUTHI FRUITS A-PAYTMQR6FFT0G@PTYS-YESB0PTMUPI-639335407199-PAID VIA SUPERMONE,Other,₹28.00,₹0.00,₹-28.00,Normal
2026-01-27,UPI-RAMDEV MEDICAL-Q623136903@YBL-YESB0YBLUPI-639336393306-PAID VIA SUPERMONE,Other,₹117.00,₹0.00,₹-117.00,Normal
2026-01-27,UPI-P PRAKASH-PAYTMQRKUCZL83HIC@PAYTM-YESB0PTMUPI-639338571992-PAID VIA SUPERMONE,Other,₹20.00,₹0.00,₹-20.00,Normal
2026-01-27,UPI-D SATHEESH KUMAR-HOTELNAMMACHOLA@OKAXIS-HDFC0003790-639341511296-PAID VIA SUPERMONE,Transport,₹610.00,₹0.00,₹-610.00,Normal
2026-01-28,UPI-NARESH R-9066493536@AXL-UTIB0000734-556704557898-PAYMENT FROM PHONE,Other,₹0.00,₹150.00,₹150.00,Normal
2026-01-28,UPI-MR  PRASHANTHA-BHARATPE9Z0D7X3Q0B273157@YESBANKLTD-YESB0YESUPI-639461779482-PAY TO BHARATPE ME,Other,₹22.00,₹0.00,₹-22.00,Normal
2026-01-28,UPI-P PRAKASH-PAYTMQRKUCZL83HIC@PAYTM-YESB0PTMUPI-639464430750-PAID VIA SUPERMONE,Other,₹18.00,₹0.00,₹-18.00,Normal
2026-01-29,UPI-P PRAKASH-PAYTMQRKUCZL83HIC@PAYTM-YESB0PTMUPI-639592424859-PAID VIA SUPERMONE,Other,₹17.00,₹0.00,₹-17.00,Normal
2026-01-29,UPI-P PRAKASH-PAYTMQRKUCZL83HIC@PAYTM-YESB0PTMUPI-639589790789-PAID VIA SUPERMONE,Other,₹5.00,₹0.00,₹-5.00,Normal
2026-01-29,UPI-MR  PRASHANTHA-BHARATPE9Z0D7X3Q0B273157@YESBANKLTD-YESB0YESUPI-639587026951-PAY TO BHARATPE ME,Other,₹32.00,₹0.00,₹-32.00,Normal
2026-01-29,UPI-P PRAKASH-PAYTMQRKUCZL83HIC@PAYTM-YESB0PTMUPI-639589769752-PAID VIA SUPERMONE,Other,₹18.00,₹0.00,₹-18.00,Normal
2026-01-30,UPI-MR  PRASHANTHA-BHARATPE9Z0D7X3Q0B273157@YESBANKLTD-YESB0YESUPI-603019641635-PAY TO BHARATPE ME,Other,₹30.00,₹0.00,₹-30.00,Normal
2026-01-30,UPI-FARMAN-78291810461111@AXL-KKBK0008125-175441676904-PAYMENT FROM PHONE,Other,₹0.00,₹500.00,₹500.00,Normal
2026-01-30,NEFT CR-HSBC0400002-WABTEC INDIA INDUSTRIAL PVT LTD-SHARATH KUMAR N-HSBCN03014659250,Transfers,₹0.00,"₹168,932.00","₹168,932.00",⚠️ Outlier
2026-01-30,UPI-ZEPTO-ZEPTOONLINE@YBL-YESB0YBLUPI-144428318267-NO REMARKS,Groceries,₹192.00,₹0.00,₹-192.00,Normal
2026-01-30,UPI-BASEERA KHANUM-BASEERAKHANUM004-1@OKSBI-CNRB0000033-716879993239-PAYMENT FROM PHONE,Other,₹500.00,₹0.00,₹-500.00,Normal
2026-01-30,UPI-MR  PRASHANTHA-BHARATPE9Z0D7X3Q0B273157@YESBANKLTD-YESB0YESUPI-603013033589-PAY TO BHARATPE ME,Other,₹30.00,₹0.00,₹-30.00,Normal
2026-01-30,UPI-AIRTEL RECHARGE-AIRTELPREDIRECT2@YBL-YESB0YBLUPI-552792888137-PAYMENT FROM PHONE,Bills,₹982.00,₹0.00,₹-982.00,Normal
2026-01-30,UPI-BASEERA KHANUM-BASEERAKHANUM004-1@OKSBI-CNRB0000033-293817283949-PAYMENT FROM PHONE,Other,₹700.00,₹0.00,₹-700.00,Normal
2026-01-30,UPI-BASEERA KHANUM-BASEERAKHANUM004-1@OKSBI-CNRB0000033-120737377037-PAYMENT FROM PHONE,Other,₹929.00,₹0.00,₹-929.00,Normal
2026-01-30,UPI-CRED-CRED.CLUB@AXISB-UTIB0000114-639641762141-PAYMENT ON CRED,Other,"₹10,675.61",₹0.00,"₹-10,675.61",Normal
2026-01-30,UPI-FARMAN-78291810461111@YBL-KKBK0008125-512966158894-PAYMENT FROM PHONE,Other,₹500.00,₹0.00,₹-500.00,Normal
2026-01-31,UPI-SHIV PRASAD PAN-GPAY-11234649747@OKBIZAXIS-UTIB0000553-603147409399-PAID VIA SUPERMONE,Other,₹60.00,₹0.00,₹-60.00,Normal
2026-01-31,UPI-SRI BRAHMALINGESHWAR-PAYTMQR702B9O@PTYS-YESB0PTMUPI-603144722418-PAID VIA SUPERMONE,Other,₹31.00,₹0.00,₹-31.00,Normal
2026-01-31,UPI-JAGADISH N-7411102637-2@YBL-CNRB0000033-697717922173-PAYMENT FROM PHONE,Other,₹0.00,"₹20,000.00","₹20,000.00",Normal
2026-01-31,UPI-RAVI KUMAR B M-9844997969@IBL-KKBK0008310-258081862929-PAYMENT FROM PHONE,Other,₹0.00,"₹5,000.00","₹5,000.00",Normal
2026-01-31,UPI-NPCI BHIM-BHIMCASHBACK@HDFCBANK-HDFC0000001-102585883540-BHIMCASHBACK,Other,₹0.00,₹3.00,₹3.00,Normal
2026-01-31,UPI-SRI BRAHMALINGESHWAR-PAYTMQR702B9O@PTYS-YESB0PTMUPI-603138986901-PAID VIA SUPERMONE,Other,₹31.00,₹0.00,₹-31.00,Normal
2026-01-31,CHQ PAID SELF - CHQ PAID - VIJAYAPURA T,EMI,"₹60,000.00",₹0.00,"₹-60,000.00",⚠️ Outlier
2026-01-31,UPI-DARSHAN R MINOR-9611582365@YBL-UBIN0911534-979778524816-PAYMENT FROM PHONE,Other,₹202.00,₹0.00,₹-202.00,Normal
2026-01-31,UPI-KARTHIK  R-KARTHIKPREETHU20@YBL-KKBK0008282-539651699788-PAYMENT FROM PHONE,Other,"₹10,000.00",₹0.00,"₹-10,000.00",Normal
2026-01-31,UPI-BBNOW-BBNOW.EBZ@HDFCBANK-HDFC0MERUPI-161255572495-PAY,Other,₹574.49,₹0.00,₹-574.49,Normal
2026-02-01,UPI-CHANDRA KUMAR N-8151800050-2@YBL-SBIN0011286-559633232159-PAYMENT FROM PHONE,Other,"₹5,000.00",₹0.00,"₹-5,000.00",Normal
2026-02-01,UPI-GOLD LINE BREADZ-GOLDLINEBREADZ.64063348@HDFCBANK-HDFC0MERUPI-603272615246-PAID VIA SUPERMONE,Other,₹9.00,₹0.00,₹-9.00,Normal
2026-02-01,UPI-NPCI BHIM-BHIMCASHBACK@HDFCBANK-HDFC0000001-102593769283-BHIMCASHBACK,Other,₹0.00,₹3.00,₹3.00,Normal
2026-02-01,UPI-KARNATAKA DEPARTMENT-KTAKADEPOFTREASWL@HDFCBANK-HDFC0MERUPI-155226844984-NO REMARKS,Other,₹462.00,₹0.00,₹-462.00,Normal
2026-02-01,UPI-SRI BRAHMALINGESHWAR-PAYTMQR702B9O@PTYS-YESB0PTMUPI-603271780724-PAID VIA SUPERMONE,Other,₹21.00,₹0.00,₹-21.00,Normal
2026-02-01,NWD-526099XXXXXX0381-70835623-BANGALORE,Other,"₹1,000.00",₹0.00,"₹-1,000.00",Normal
2026-02-01,NWD-526099XXXXXX0381-70835623-BANGALORE,Other,"₹10,000.00",₹0.00,"₹-10,000.00",Normal
2026-02-01,UPI-SRI BRAHMALINGESHWAR-PAYTMQR702B9O@PTYS-YESB0PTMUPI-603265845670-PAID VIA SUPERMONE,Other,₹31.00,₹0.00,₹-31.00,Normal
2026-02-01,UPI-ZEPTO-ZEPTONOW.ESBZ@KOTAK-KKBK0000958-101646941750-NO REMARKS,Groceries,₹479.00,₹0.00,₹-479.00,Normal
2026-02-01,UPI-CRED-CRED.CLUB@AXISB-UTIB0000114-639844820073-PAYMENT ON CRED,Other,"₹31,509.03",₹0.00,"₹-31,509.03",⚠️ Outlier
2026-02-02,UPI-MR ROHIT KUMAR GUPTA-BHARATPE9K0K7F3O0L334658@YESBANKLTD-YESB0YESUPI-603397958851-PAY TO BHARATPE ME,Other,₹60.00,₹0.00,₹-60.00,Normal
2026-02-02,50100529150921-TPT-NBFJRGPBCRYN8KAG-NANJUNDAPA L,Transfers,₹0.00,"₹20,000.00","₹20,000.00",Normal
2026-02-02,IMPS-603313949929-N PRAGATHI-HDFC-XXXXXXXXXX6028-,Transfers,₹0.00,"₹60,000.00","₹60,000.00",⚠️ Outlier
2026-02-02,UPI-SRI BRAHMALINGESHWAR-PAYTMQR702B9O@PTYS-YESB0PTMUPI-603393017943-PAID VIA SUPERMONE,Other,₹21.00,₹0.00,₹-21.00,Normal
2026-02-02,UPI-VINNAKOTA PRASHANTH-9642066651@YESCRED-ICIC0000365-570414491514-PAYMENT FROM PHONE,Other,"₹53,400.00",₹0.00,"₹-53,400.00",⚠️ Outlier
2026-02-02,CHQ PAID SELF - CHQ PAID - VIJAYAPURA T,EMI,"₹70,000.00",₹0.00,"₹-70,000.00",⚠️ Outlier
2026-02-02,CASH DEPOSIT BY - SELF - VIJAYAPURA TMC,Transfers,₹0.00,"₹50,000.00","₹50,000.00",⚠️ Outlier
2026-02-02,UPI-SRI BRAHMALINGESHWAR-PAYTMQR702B9O@PTYS-YESB0PTMUPI-603397937292-PAID VIA SUPERMONE,Other,₹40.00,₹0.00,₹-40.00,Normal
2026-02-02,UPI-SRI MARUTHI FRUITS A-PAYTMQR60L0Y6@PTYS-YESB0PTMUPI-603399069754-PAID VIA SUPERMONE,Other,₹28.00,₹0.00,₹-28.00,Normal
2026-02-03,UPI-RADHA KRISHNA YADAV-Q887400243@YBL-YESB0YBLUPI-640026276808-PAID VIA SUPERMONE,Other,₹20.00,₹0.00,₹-20.00,Normal
2026-02-03,UPI-VEENA-PAYTM.S101T7Y@PTY-YESB0MCHUPI-640023782489-PAID VIA SUPERMONE,Other,₹85.00,₹0.00,₹-85.00,Normal
2026-02-03,UPI-SANDIP  SINGH-Q734093762@YBL-YESB0YBLUPI-640021446612-PAID VIA SUPERMONE,Other,₹96.00,₹0.00,₹-96.00,Normal
2026-02-03,UPI-NPCI BHIM-BHIMCASHBACK@HDFCBANK-HDFC0000001-102622016912-BHIMCASHBACK,Other,₹0.00,₹3.00,₹3.00,Normal
2026-02-03,UPI-SRI VENKATADHRI SS H-PAYTMQR6DSU4N@PTYS-YESB0PTMUPI-090139594344-NO REMARKS,Other,₹500.00,₹0.00,₹-500.00,Normal
2026-02-03,UPI-SRI BRAHMALINGESHWAR-PAYTMQR702B9O@PTYS-YESB0PTMUPI-640015486931-PAID VIA SUPERMONE,Other,₹32.00,₹0.00,₹-32.00,Normal
2026-02-04,UPI-SRI BRAHMALINGESHWAR-PAYTMQR702B9O@PTYS-YESB0PTMUPI-640144928752-VERIFIED PAYTM ACC,Other,₹15.00,₹0.00,₹-15.00,Normal
2026-02-04,UPI-CHENGANNAGARI HARIKA-PAYTM.S1RM87I@PTY-YESB0MCHUPI-640146365557-PAID VIA SUPERMONE,Other,₹6.00,₹0.00,₹-6.00,Normal
2026-02-04,UPI-MS HIGHWAY TOURIST-Q474137931@YBL-YESB0YBLUPI-640149638944-PAID VIA SUPERMONE,Other,₹310.00,₹0.00,₹-310.00,Normal
2026-02-04,UPI-B NAGURAMMA-PAYTMQR6E5PQ8@PTYS-YESB0PTMUPI-640151771474-PAID VIA SUPERMONE,Other,₹30.00,₹0.00,₹-30.00,Normal
2026-02-05,UPI-K BALAJI NAIDU-PAYTM.S1SQAID@PTY-YESB0MCHUPI-640265192388-PAID VIA SUPERMONE,Other,₹40.00,₹0.00,₹-40.00,Normal
2026-02-05,UPI-SRI BRAHMALINGESHWAR-PAYTMQR702B9O@PTYS-YESB0PTMUPI-640250665568-PAID VIA CRED,Other,₹30.00,₹0.00,₹-30.00,Normal
2026-02-05,ACH D- TP ACH ICICI BANK-2091782670,Other,"₹50,871.00",₹0.00,"₹-50,871.00",⚠️ Outlier
2026-02-05,UPI-M SUBRAMANI-Q024904932@YBL-YESB0YBLUPI-640278887112-PAID VIA SUPERMONE,Other,"₹1,500.00",₹0.00,"₹-1,500.00",Normal
2026-02-06,IMPS-603716976680-SHARATH KUMAR-IDFB-XXXXXXX0706-,Transfers,"₹12,000.00",₹0.00,"₹-12,000.00",Normal
2026-02-06,UPI-CHANDRA KUMAR N-8151800050-2@YBL-SBIN0011286-890592055519-PAYMENT FROM PHONE,Other,₹0.00,"₹15,300.00","₹15,300.00",Normal
2026-02-07,UPI-AMAZON PAY GROCERIES-AMAZONPAYGROCERY@RAPL-RATN000RAPL-603827717511-REQUEST FROM AMAZO,Groceries,₹365.00,₹0.00,₹-365.00,Normal
2026-02-07,UPI-AMAZON INDIA-AMAZON@RAPL-RATN000RAPL-603827726553-REQUEST FROM AMAZO,Other,₹534.00,₹0.00,₹-534.00,Normal
2026-02-07,UPI-ICICIBANK-ICICIBANK127.RZP@ICICI-ICIC0DC0099-296125734226-PAYVIARAZORPAY,Refunds,₹940.00,₹0.00,₹-940.00,Normal
2026-02-07,IMPS P2P 527407947860#01/10/2025-EPR2603870901998,Transfers,₹5.90,₹0.00,₹-5.90,Normal
2026-02-07,IMPS P2P 527407949061#01/10/2025-EPR2603870902007,Transfers,₹5.90,₹0.00,₹-5.90,Normal
2026-02-07,UPI-SAI NANDHINI SERVICE-PAYTMQR5D523Z@PTYS-YESB0PTMUPI-180953474857-NO REMARKS,Other,"₹3,000.00",₹0.00,"₹-3,000.00",Normal
2026-02-07,UPI-SRI BRAHMALINGESHWAR-PAYTMQR702B9O@PTYS-YESB0PTMUPI-603832084703-VERIFIED PAYTM ACC,Other,₹30.00,₹0.00,₹-30.00,Normal
2026-02-07,UPI-MR ROHIT KUMAR GUPTA-BHARATPE9K0K7F3O0L334658@YESBANKLTD-YESB0YESUPI-603832100340-PAY TO BHARATPE ME,Other,₹60.00,₹0.00,₹-60.00,Normal
2026-02-07,UPI-MRS JEMIT  LEPCHA TA-Q480612120@YBL-YESB0YBLUPI-603832133415-PAID VIA SUPERMONE,EMI,₹85.00,₹0.00,₹-85.00,Normal
2026-02-08,UPI-SRI BRAHMALINGESHWAR-PAYTMQR702B9O@PTYS-YESB0PTMUPI-603955442641-PAID VIA SUPERMONE,Other,₹5.00,₹0.00,₹-5.00,Normal
2026-02-08,UPI-SRI MARUTHI FRUITS A-PAYTMQR6FFT0G@PTYS-YESB0PTMUPI-603955457119-PAID VIA SUPERMONE,Other,₹88.00,₹0.00,₹-88.00,Normal
2026-02-08,UPI-SRI BRAHMALINGESHWAR-PAYTMQR702B9O@PTYS-YESB0PTMUPI-603955438690-PAID VIA SUPERMONE,Other,₹30.00,₹0.00,₹-30.00,Normal
2026-02-08,UPI-MOHAMMED AYAZ-9880219176@NAVIAXIS-IOBA0002838-603953144702-PAID VIA SUPERMONE,Other,₹52.00,₹0.00,₹-52.00,Normal
2026-02-08,UPI-THE MEAT HUB-Q163582892@YBL-YESB0YBLUPI-118356230062-PAY BY WHATSAPP,Other,₹489.00,₹0.00,₹-489.00,Normal
2026-02-08,UPI-SRI BRAHMALINGESHWAR-PAYTMQR702B9O@PTYS-YESB0PTMUPI-603949911881-PAID VIA SUPERMONE,Other,₹30.00,₹0.00,₹-30.00,Normal
2026-02-08,UPI-CRED-CRED.UTILITY@AXISB-UTIB0000114-640554977558-PAYMENT ON CRED,Bills,₹478.00,₹0.00,₹-478.00,Normal
2026-02-09,IB BILLPAY DR-HDFC92-434155XXXXXX8879,Bills,₹900.00,₹0.00,₹-900.00,Normal
2026-02-09,UPI-NPCI BHIM-BHIMCASHBACK@HDFCBANK-HDFC0000001-102672670826-BHIMCASHBACK,Other,₹0.00,₹10.01,₹10.01,Normal
2026-02-09,UPI-FLIPKART-FLIPKART.HYPG@YESPAY-YESB0YESUPI-134305218255-UPIPAY,Other,"₹1,215.00",₹0.00,"₹-1,215.00",Normal
2026-02-09,UPI-SRI BRAHMALINGESHWAR-PAYTMQR702B9O@PTYS-YESB0PTMUPI-120003138450-VERIFIED PAYTM ACC,Other,₹85.00,₹0.00,₹-85.00,Normal
2026-02-10,UPI-VEENA-PAYTM.S101T7Y@PTY-YESB0MCHUPI-604199562236-PAID VIA SUPERMONE,Other,₹36.00,₹0.00,₹-36.00,Normal
2026-02-10,UPI-VEENA-PAYTM.S101T7Y@PTY-YESB0MCHUPI-640701994871-PAID VIA SUPERMONE,Other,₹41.00,₹0.00,₹-41.00,Normal
2026-02-10,UPI-MANJUSHREE BAKERY AN-PAYTM.S1T3U5U@PTY-YESB0MCHUPI-640705368318-PAID VIA SUPERMONE,Other,₹32.00,₹0.00,₹-32.00,Normal
2026-02-10,UPI-MANJAPPA-Q951522219@YBL-YESB0YBLUPI-640707250238-PAID VIA SUPERMONE,Other,₹100.00,₹0.00,₹-100.00,Normal
2026-02-11,UPI-CUZORLABS LLP-CUZORLABSLLP303437.RZP@RXAXIS-UTIB0000RZP-640832614063-PAID VIA SUPERMONE,Other,"₹1,599.00",₹0.00,"₹-1,599.00",Normal
2026-02-11,UPI-SRI BRAHMALINGESHWAR-PAYTMQR702B9O@PTYS-YESB0PTMUPI-640824794568-VERIFIED PAYTM ACC,Other,₹32.00,₹0.00,₹-32.00,Normal
2026-02-11,UPI-SRI BRAHMALINGESHWAR-PAYTMQR702B9O@PTYS-YESB0PTMUPI-640824797712-VERIFIED PAYTM ACC,Other,₹1.00,₹0.00,₹-1.00,Normal
2026-02-11,UPI-UBER INDIA SYSTEMS P-UBERINDIASYSTEM187204.RZP@RXAIRTEL-AIRP0000011-143814329770-UBERRIDE,Bills,₹1.00,₹0.00,₹-1.00,Normal
2026-02-11,UPI-SATHYAMURTHY-9035452199@IBL-KARB0000231-640830001442-PAID VIA SUPERMONE,Other,₹140.00,₹0.00,₹-140.00,Normal
2026-02-11,UPI-JITHIN BABU-8050406175@PTHDFC-HDFC0000628-154138660702-NO REMARKS,Other,"₹1,060.00",₹0.00,"₹-1,060.00",Normal
2026-02-11,UPI-NPCI BHIM-BHIMCASHBACK@HDFCBANK-HDFC0000001-102691133601-BHIMCASHBACK,Other,₹0.00,₹2.00,₹2.00,Normal
2026-02-12,UPI-BHAGATH MOTORS-BHAGATHMOTORS.67037278@HDFCBANK-HDFC0MERUPI-640960636296-PAID VIA CRED,Other,"₹1,710.00",₹0.00,"₹-1,710.00",Normal
2026-02-12,UPI-P PRAKASH-PAYTMQRKUCZL83HIC@PAYTM-YESB0PTMUPI-640953023651-PAID VIA SUPERMONE,Other,₹45.00,₹0.00,₹-45.00,Normal
2026-02-12,UPI-POTLURI CHAITANYA KU-VENKATAKRISHEN@IBL-UBIN0828645-640950265859-PAID VIA SUPERMONE,Other,₹75.00,₹0.00,₹-75.00,Normal
2026-02-12,UPIRET-20260211-143814329770,Other,₹0.00,₹1.00,₹1.00,Normal
2026-02-13,UPI-SRI BRAHMALINGESHWAR-PAYTMQR702B9O@PTYS-YESB0PTMUPI-641075743925-VERIFIED PAYTM ACC,Other,₹32.00,₹0.00,₹-32.00,Normal
2026-02-13,UPI-SRI MARUTHI FRUITS A-PAYTMQR60L0Y6@PTYS-YESB0PTMUPI-641075772318-PAID VIA SUPERMONE,Other,₹55.00,₹0.00,₹-55.00,Normal
2026-02-13,UPI-VENU B R S O RAMASWA-6362372868@YBL-PKGB0010883-970978688177-PAYMENT FROM PHONE,Other,₹0.00,"₹15,000.00","₹15,000.00",Normal
2026-02-13,UPI-LICIOUS-LICIOUS.CF@AXISBANK-UTIB0001920-191010267136-UPI COLLECT,Other,₹250.00,₹0.00,₹-250.00,Normal
2026-02-14,UPI-SRI BRAHMALINGESHWAR-PAYTMQR702B9O@PTYS-YESB0PTMUPI-604512638145-VERIFIED PAYTM ACC,Other,₹22.00,₹0.00,₹-22.00,Normal
2026-02-14,UPI-MR ROHIT KUMAR GUPTA-BHARATPE9K0K7F3O0L334658@YESBANKLTD-YESB0YESUPI-604512809755-PAY TO BHARATPE ME,Other,₹30.00,₹0.00,₹-30.00,Normal
2026-02-14,ATW-526099XXXXXX0381-DPRH1284-CHANNAPATNA,Other,"₹5,000.00",₹0.00,"₹-5,000.00",Normal
2026-02-14,UPI-HAPPI PLANET ECO PRO-HAPPIPLANETECOPRODUCPG.CF@AXISBANK-UTIB0001920-185511221173-CREATED BY SHOPFLO,Other,₹190.00,₹0.00,₹-190.00,Normal
2026-02-14,UPI-FUND IDFC FIRST ACCO-ADDMONEY@IDFCBANK-IDFB0040101-118632658780-UPI,Other,"₹12,000.00",₹0.00,"₹-12,000.00",Normal
2026-02-14,UPI-SWIGGY-SWIGGY580017.RZP@RXAXIS-UTIB0000RZP-111412321249-NO REMARKS,Other,₹160.00,₹0.00,₹-160.00,Normal
2026-02-14,UPI-SRI BRAHMALINGESHWAR-PAYTMQR702B9O@PTYS-YESB0PTMUPI-604506967558-VERIFIED PAYTM ACC,Other,₹37.00,₹0.00,₹-37.00,Normal
2026-02-15,UPI-NAVEEN N-PAYTM.S1MCJ6J@PTY-YESB0MCHUPI-641264755062-PAID VIA CRED,Other,₹20.00,₹0.00,₹-20.00,Normal
2026-02-15,UPI-NAVEEN N-PAYTM.S1MCJ6J@PTY-YESB0MCHUPI-641264754535-PAID VIA CRED,Other,₹200.00,₹0.00,₹-200.00,Normal
2026-02-15,UPI-RAJANNA-Q934920731@YBL-YESB0YBLUPI-604633417369-PAID VIA SUPERMONE,Other,₹60.00,₹0.00,₹-60.00,Normal
2026-02-15,UPI-VARALAKSHMI N-PAYTM.S1SS31V@PTY-YESB0MCHUPI-604633882800-PAID VIA SUPERMONE,Other,₹30.00,₹0.00,₹-30.00,Normal
2026-02-15,UPI-VARALAKSHMI N-PAYTM.S1SS31V@PTY-YESB0MCHUPI-604633934605-PAID VIA SUPERMONE,Other,₹30.00,₹0.00,₹-30.00,Normal
2026-02-16,UPI-SRI BRAHMALINGESHWAR-PAYTMQR702B9O@PTYS-YESB0PTMUPI-604751762026-VERIFIED PAYTM ACC,Other,₹32.00,₹0.00,₹-32.00,Normal
2026-02-16,UPI-SRI BRAHMALINGESHWAR-PAYTMQR702B9O@PTYS-YESB0PTMUPI-604759274192-VERIFIED PAYTM ACC,Other,₹32.00,₹0.00,₹-32.00,Normal
2026-02-17,UPI-SRI BRAHMALINGESHWAR-PAYTMQR702B9O@PTYS-YESB0PTMUPI-604876328837-PAID VIA SUPERMONE,Other,₹33.00,₹0.00,₹-33.00,Normal
2026-02-17,UPI-P PRAKASH-PAYTM.S1KXM53@PTY-YESB0MCHUPI-604877608503-PAID VIA SUPERMONE,Other,₹55.00,₹0.00,₹-55.00,Normal
2026-02-17,UPI-MUKESH P-PAYTM.S20T99C@PTY-YESB0MCHUPI-604884357769-PAID VIA SUPERMONE,Other,₹17.00,₹0.00,₹-17.00,Normal
2026-02-17,UPI-UDUPI GARDENIA VEG-Q529919232@YBL-YESB0YBLUPI-604884833388-PAID VIA SUPERMONE,Food,₹195.00,₹0.00,₹-195.00,Normal
2026-02-17,UPI-SRINIVASAREDDY REDDY-PAYTMQR6D35Y8@PTYS-YESB0PTMUPI-604884891033-PAID VIA SUPERMONE,Other,₹28.00,₹0.00,₹-28.00,Normal
2026-02-18,UPI-MADHUKURI NAGENDRA N-PAYTM.S1NBB7N@PTY-YESB0MCHUPI-641514469626-VERIFIED PAYTM ACC,Other,₹22.00,₹0.00,₹-22.00,Normal
2026-02-18,UPI-PINK BERRY 8-Q392943306@YBL-YESB0YBLUPI-641514276535-PAID VIA SUPERMONE,Entertainment,"₹1,195.00",₹0.00,"₹-1,195.00",Normal
2026-02-18,UPI-MALNAD KABAB CORNER-9663745391-3@OKBIZAXIS-UTIB0000553-641510625595-PAID VIA SUPERMONE,Other,₹315.00,₹0.00,₹-315.00,Normal
2026-02-18,UPI-MALNAD KABAB CORNER-9663745391-3@OKBIZAXIS-UTIB0000553-641510915484-PAID VIA SUPERMONE,Other,₹50.00,₹0.00,₹-50.00,Normal
2026-02-18,UPI-MRS SHILA  DEVI-Q334549192@YBL-YESB0YBLUPI-641510955624-PAID VIA SUPERMONE,Other,₹23.00,₹0.00,₹-23.00,Normal
2026-02-19,UPI-SRI MARUTHI FRUITS A-PAYTMQR60L0Y6@PTYS-YESB0PTMUPI-641636294374-PAID VIA SUPERMONE,Other,₹57.00,₹0.00,₹-57.00,Normal
2026-02-19,UPI-SRI VENKATADHRI SS H-PAYTMQR69DF6K@PTYS-YESB0PTMUPI-641627855883-PAID VIA SUPERMONE,Other,₹500.00,₹0.00,₹-500.00,Normal
2026-02-19,UPI-SHRINIVAS  NADAGOUDA-SHRINIVAS.NADAGOUDAR808@OKSBI-SBIN0000769-958443162670-PAYMENT FROM PHONE,Other,₹220.00,₹0.00,₹-220.00,Normal
2026-02-19,UPI-CHANDRA KUMAR N-8151800050-2@IBL-SBIN0011286-405224508586-PAYMENT FROM PHONE,Other,₹0.00,"₹7,000.00","₹7,000.00",Normal
2026-02-20,UPI-MRS SHILA  DEVI-Q969076414@YBL-YESB0YBLUPI-641761805580-PAID VIA SUPERMONE,Other,₹46.00,₹0.00,₹-46.00,Normal
2026-02-20,UPI-PINK BERRY-PAYTMQR68F4WG@PTYS-YESB0PTMUPI-641761833475-PAID VIA SUPERMONE,Entertainment,₹140.00,₹0.00,₹-140.00,Normal
2026-02-20,UPI-SRI BRAHMALINGESHWAR-PAYTMQR702B9O@PTYS-YESB0PTMUPI-153117484145-VERIFIED PAYTM ACC,Other,₹32.00,₹0.00,₹-32.00,Normal
2026-02-20,UPI-MALNAD KABAB CORNER-9663745391-3@OKBIZAXIS-UTIB0000553-641761200036-PAID VIA SUPERMONE,Other,₹325.00,₹0.00,₹-325.00,Normal
2026-02-21,UPI-ZEPTO MARKETPLACE PR-ZEPTONOW.BDPG111@KOTAKPAY-KKBK0JPUPIA-143236550966-NO REMARKS,Groceries,₹185.00,₹0.00,₹-185.00,Normal
2026-02-22,UPI-SURYA MOBILES-Q642355934@YBL-YESB0YBLUPI-605313642935-PAID VIA SUPERMONE,Other,₹320.00,₹0.00,₹-320.00,Normal
2026-02-22,UPI-LORENZO   LOREN-LORENZOLOREN101@OKHDFCBANK-KKBK0000432-605313439800-PAID VIA SUPERMONE,Other,₹350.00,₹0.00,₹-350.00,Normal
2026-02-22,UPI-MRS SHILA  DEVI-Q969076414@YBL-YESB0YBLUPI-605312892968-PAID VIA SUPERMONE,Other,₹22.00,₹0.00,₹-22.00,Normal
2026-02-22,UPI-CHANDRA KUMAR N-8151800050-2@YBL-SBIN0011286-146484086109-PAYMENT FROM PHONE,Other,₹500.00,₹0.00,₹-500.00,Normal
2026-02-22,NWD-526099XXXXXX0381-40303015-562135,Other,₹500.00,₹0.00,₹-500.00,Normal
2026-02-22,UPI-SAI FOODS-PAYTM.S1ZWEUD@PTY-YESB0MCHUPI-605312670960-PAID VIA SUPERMONE,Other,₹30.00,₹0.00,₹-30.00,Normal
2026-02-23,UPI-MR J  SEETHARAM-9035703218823@AXL-MAHB0001682-184340785016-PAYMENT FROM PHONE,Other,₹0.00,"₹57,500.00","₹57,500.00",⚠️ Outlier
2026-02-23,UPI-SRI BRAHMALINGESHWAR-PAYTMQR702B9O@PTYS-YESB0PTMUPI-605435042505-PAID VIA SUPERMONE,Other,₹5.00,₹0.00,₹-5.00,Normal
2026-02-23,UPI-SRI BRAHMALINGESHWAR-PAYTMQR702B9O@PTYS-YESB0PTMUPI-605435003434-PAID VIA SUPERMONE,Other,₹76.00,₹0.00,₹-76.00,Normal
2026-02-23,NWD-526099XXXXXX0381-11286621-DEVANAHALLI,Other,"₹10,000.00",₹0.00,"₹-10,000.00",Normal
2026-02-23,UPI-SOPLEDC9-PAYTM.D15881381216@PTY-YESB0MCHUPI-605438237149-PAID VIA SUPERMONE,Other,₹90.00,₹0.00,₹-90.00,Normal
2026-02-23,POS 526099XXXXXX0381 PARIJATHA FUEL S,Other,₹100.00,₹0.00,₹-100.00,Normal
2026-02-23,IMPS-605410381012-MR SHARATH KUMAR N-IDFB-XXXXXXXX5855-IMPSTXN,Transfers,₹0.00,"₹10,000.00","₹10,000.00",Normal
2026-02-23,50100529150921-TPT-NB29QEKVOPRFZKLS-NANJUNDAPA L,Transfers,₹0.00,"₹4,650.00","₹4,650.00",Normal
2026-02-23,NWD-526099XXXXXX0381-11286621-DEVANAHALLI,Other,"₹10,000.00",₹0.00,"₹-10,000.00",Normal
2026-02-24,UPI-SRI BRAHMALINGESHWAR-PAYTMQR702B9O@PTYS-YESB0PTMUPI-605551494317-PAID VIA SUPERMONE,Other,₹35.00,₹0.00,₹-35.00,Normal
2026-02-24,UPI-MUKESH P-PAYTM.S20T99C@PTY-YESB0MCHUPI-605555809196-PAID VIA SUPERMONE,Other,₹57.00,₹0.00,₹-57.00,Normal
2026-02-24,UPI-MR  GOPAL  B V-Q561658841@YBL-YESB0YBLUPI-605562064252-PAID VIA SUPERMONE,Other,₹70.00,₹0.00,₹-70.00,Normal
2026-02-25,UPI-SUDEEP SHETTY-PAYTM.S1EK0KM@PTY-YESB0MCHUPI-642215103837-PAID VIA SUPERMONE,Other,₹65.00,₹0.00,₹-65.00,Normal
2026-02-25,UPI-SURESH S-VYAPAR.176548157074@HDFCBANK-HDFC0MERUPI-642219018867-PAID VIA SUPERMONE,Other,₹38.00,₹0.00,₹-38.00,Normal
2026-02-26,UPI-AIR FIBER PAYMENT 5G-PAYTM-80575022@PTYBL-YESB0PTMUPI-200704510236-NO REMARKS,Other,₹708.14,₹0.00,₹-708.14,Normal
2026-02-26,UPI-NPCI BHIM-BHIMCASHBACK@HDFCBANK-HDFC0000001-102787703190-BHIMCASHBACK,Other,₹0.00,₹5.00,₹5.00,Normal
2026-02-27,UPI-SRI BRAHMALINGESHWAR-PAYTMQR702B9O@PTYS-YESB0PTMUPI-642438018213-VERIFIED PAYTM ACC,Other,₹2.00,₹0.00,₹-2.00,Normal
2026-02-27,UPI-NPCI BHIM-BHIMCASHBACK@HDFCBANK-HDFC0000001-102794300605-BHIMCASHBACK,Other,₹0.00,₹3.00,₹3.00,Normal
2026-02-27,UPI-SRI BRAHMALINGESHWAR-PAYTMQR702B9O@PTYS-YESB0PTMUPI-642438012254-VERIFIED PAYTM ACC,Other,₹37.00,₹0.00,₹-37.00,Normal
2026-02-27,UPI-LICIOUS-LICIOUS.CF@AXISBANK-UTIB0001920-195223131575-UPI COLLECT,Other,₹241.00,₹0.00,₹-241.00,Normal
2026-02-27,UPI-CRED-CRED.CLUB@AXISB-UTIB0000114-642480157326-PAYMENT ON CRED,Other,₹16.00,₹0.00,₹-16.00,Normal
2026-02-27,NEFT CR-HSBC0400002-WABTEC INDIA INDUSTRIAL PVT LTD-SHARATH KUMAR N-HSBCN05823395679,Transfers,₹0.00,"₹168,718.00","₹168,718.00",⚠️ Outlier
2026-02-27,IMPS-605828093491-SBI MAIN ACCOUNT-SBIN-XXXXXXX3864-IMPS TRANSACTION,Transfers,"₹36,000.00",₹0.00,"₹-36,000.00",⚠️ Outlier
2026-03-01,UPI-SRI BRAHMALINGESHWAR-PAYTMQR702B9O@PTYS-YESB0PTMUPI-642657456447-PAID VIA SUPERMONE,Other,₹31.00,₹0.00,₹-31.00,Normal
2026-03-01,UPI-SURAJI KUMARI-PAYTMQR6TZACW@PTYS-YESB0PTMUPI-642658575601-PAID VIA SUPERMONE,Other,₹26.00,₹0.00,₹-26.00,Normal
2026-03-01,UPI-CRED-CRED.CLUB@AXISB-UTIB0000114-642683493695-PAYMENT ON CRED,Other,"₹4,369.69",₹0.00,"₹-4,369.69",Normal
2026-03-01,UPI-CRED-CRED.CLUB@AXISB-UTIB0000114-642683495222-PAYMENT ON CRED,Other,"₹19,396.00",₹0.00,"₹-19,396.00",Normal
2026-03-01,UPI-FUND IDFC FIRST ACCO-ADDMONEY@IDFCBANK-IDFB0040101-119342871784-UPI,Other,"₹3,000.00",₹0.00,"₹-3,000.00",Normal
2026-03-01,UPI-FLIPKART-FLIPKART.HYPG@YESPAY-YESB0YESUPI-606011888815-UPIPAY,Other,₹308.00,₹0.00,₹-308.00,Normal
2026-03-02,UPI-SRI MARUTHI FRUITS A-PAYTMQR6FFT0G@PTYS-YESB0PTMUPI-642773381576-PAID VIA SUPERMONE,Other,₹120.00,₹0.00,₹-120.00,Normal
2026-03-02,UPI-SHIVAPRAKASH B R-PAYTMQRB5D8I9KQEL@PAYTM-YESB0PTMUPI-185746089377-NO REMARKS,Other,₹180.00,₹0.00,₹-180.00,Normal
2026-03-02,UPI-SRI BRAHMALINGESHWAR-PAYTMQR702B9O@PTYS-YESB0PTMUPI-642772542144-VERIFIED PAYTM ACC,Other,₹35.00,₹0.00,₹-35.00,Normal
2026-03-02,IMPS P2P 533221998989#28/11/2025-EPR2606125591242,Transfers,₹2.96,₹0.00,₹-2.96,Normal
2026-03-02,CHQ PAID SELF - CHQ PAID - VIJAYAPURA T,EMI,"₹51,500.00",₹0.00,"₹-51,500.00",⚠️ Outlier
2026-03-02,IMPS P2P 533311987975#29/11/2025-EPR2606125591251,Transfers,₹5.90,₹0.00,₹-5.90,Normal
2026-03-03,UPI-P PRAKASH-PAYTM.S1KXM53@PTY-YESB0MCHUPI-642878725113-PAID VIA SUPERMONE,Other,₹25.00,₹0.00,₹-25.00,Normal
2026-03-03,IMPS P2P 605828093491#27/02/2026-EPR2606228803857,Transfers,₹5.90,₹0.00,₹-5.90,Normal
2026-03-03,UPI-MUKESH P-PAYTM.S20T99C@PTY-YESB0MCHUPI-642882354651-PAID VIA SUPERMONE,Other,₹26.00,₹0.00,₹-26.00,Normal
2026-03-03,UPI-MR VIJAYKUMAR  M-Q989673581@YBL-YESB0YBLUPI-642883077256-PAID VIA SUPERMONE,Other,₹28.00,₹0.00,₹-28.00,Normal
2026-03-04,UPI-CHANDRA KUMAR N-8151800050-2@YBL-SBIN0011286-038600619058-PAYMENT FROM PHONE,Other,"₹6,000.00",₹0.00,"₹-6,000.00",Normal
2026-03-04,UPI-MUKESH P-PAYTM.S20T99C@PTY-YESB0MCHUPI-642992582944-PAID VIA SUPERMONE,Other,₹30.00,₹0.00,₹-30.00,Normal
2026-03-04,UPI ATM WITHDRAWAL:RS.10000.00 AT:ICICI ATM UPI CASH WITHDRAWAL ATM SPCNR549 UPI RRN:642992750767 NFS RRN:606313690064,Other,"₹10,000.00",₹0.00,"₹-10,000.00",Normal
2026-03-04,UPI ATM WITHDRAWAL:RS.6000.00 AT:ICICI ATM UPI CASH WITHDRAWAL ATM SPCNR549 UPI RRN:642992784101 NFS RRN:606313001515,Other,"₹6,000.00",₹0.00,"₹-6,000.00",Normal
2026-03-04,UPI-RAMAMURTHY  N-7829074990@YBL-CNRB0000000-529942118088-PAYMENT FROM PHONE,Other,"₹1,000.00",₹0.00,"₹-1,000.00",Normal
2026-03-05,UPI-TOBOX VENTURES PRIVA-GOKHANA.PAYU@AXISBANK-UTIB0003156-163032903781-UPIINTENT,Other,₹42.00,₹0.00,₹-42.00,Normal
2026-03-05,UPI-MUKESH P-PAYTM.S20T99C@PTY-YESB0MCHUPI-606405543858-PAID VIA SUPERMONE,Other,₹26.00,₹0.00,₹-26.00,Normal
2026-03-05,UPI-SWIGGY-UPISWIGGY@ICICI-ICIC0DC0099-202252944504-NO REMARKS,Other,₹794.00,₹0.00,₹-794.00,Normal
2026-03-05,UPI-MUKESH P-PAYTM.S20T99C@PTY-YESB0MCHUPI-606403598642-PAID VIA SUPERMONE,Other,₹25.00,₹0.00,₹-25.00,Normal
2026-03-05,UPI-NPCI BHIM-BHIMCASHBACK@HDFCBANK-HDFC0000001-102852357352-BHIMCASHBACK,Other,₹0.00,₹3.00,₹3.00,Normal
2026-03-05,UPI-CRED-CRED.CLUB@AXISB-UTIB0000114-643089447544-PAYMENT ON CRED,Other,"₹3,186.29",₹0.00,"₹-3,186.29",Normal
2026-03-05,UPI-NANJUNDAPPA SHARATH -8792445855@PZW-PPIW0887128-466395167076-REMARK,Other,₹0.00,"₹2,900.00","₹2,900.00",Normal
2026-03-05,UPI-SRI BRAHMALINGESHWAR-PAYTMQR702B9O@PTYS-YESB0PTMUPI-606400640643-PAID VIA SUPERMONE,Other,₹36.00,₹0.00,₹-36.00,Normal
2026-03-05,ACH D- TP ACH ICICI BANK-2114603706,Other,"₹50,871.00",₹0.00,"₹-50,871.00",⚠️ Outlier
2026-03-06,UPI-CHANDRA KUMAR N-8151800050-2@AXL-SBIN0011286-237189230301-PAYMENT FROM PHONE,Other,₹0.00,"₹5,300.00","₹5,300.00",Normal
2026-03-06,UPI-MALNAD KABAB CORNER-GPAY-11266018129@OKBIZAXIS-UTIB0000553-606521095710-PAID VIA SUPERMONE,Other,₹105.00,₹0.00,₹-105.00,Normal
2026-03-06,UPI-CHANDRA KUMAR N-8151800050-2@YBL-SBIN0011286-303451727660-PAYMENT FROM PHONE,Other,₹0.00,"₹10,000.00","₹10,000.00",Normal
2026-03-06,UPI-PRESTIGE NORTH POINT-PAYTM.D17384759540@PTY-YESB0MCHUPI-606520989466-PAID VIA SUPERMONE,Other,₹60.00,₹0.00,₹-60.00,Normal
2026-03-06,UPI-SRI BRAHMALINGESHWAR-PAYTMQR702B9O@PTYS-YESB0PTMUPI-606518482335-PAID VIA SUPERMONE,Other,₹34.00,₹0.00,₹-34.00,Normal
2026-03-06,UPI-SUDEEP A-SUDEEP123ASHOKHAYYALI@IBL-IPOS0000001-606515257676-PAID VIA SUPERMONE,Other,₹200.00,₹0.00,₹-200.00,Normal
2026-03-06,UPI-SHAMSHEER-Q700966321@YBL-YESB0YBLUPI-173747300309-NO REMARKS,Other,₹550.00,₹0.00,₹-550.00,Normal
2026-03-06,UPI-SRI BRAHMALINGESHWAR-PAYTMQR702B9O@PTYS-YESB0PTMUPI-606517232205-VERIFIED PAYTM ACC,Other,₹39.00,₹0.00,₹-39.00,Normal
2026-03-06,UPI-SRI BRAHMALINGESHWAR-PAYTMQR702B9O@PTYS-YESB0PTMUPI-606513397492-VERIFIED PAYTM ACC,Other,₹34.00,₹0.00,₹-34.00,Normal
2026-03-06,UPI-NPCI BHIM-BHIMCASHBACK@HDFCBANK-HDFC0000001-102860767277-BHIMCASHBACK,Other,₹0.00,₹3.00,₹3.00,Normal
2026-03-07,UPI-MEGHA FUEL PARK-PAYTM-82708712@PTYS-YESB0PTMUPI-081740714581-NO REMARKS,Other,"₹4,101.30",₹0.00,"₹-4,101.30",Normal
2026-03-07,UPI-KAVYA M-PAYTMQR59FYRV@PAYTM-YESB0PTMUPI-606629147729-PAID VIA SUPERMONE,Other,₹23.00,₹0.00,₹-23.00,Normal
2026-03-07,UPI-KAVYA M-PAYTMQR59FYRV@PAYTM-YESB0PTMUPI-606629152926-PAID VIA SUPERMONE,Other,₹3.00,₹0.00,₹-3.00,Normal
2026-03-07,UPI-MADHU LOKA-PAYTMQRAAZMNWKJ4T@PAYTM-YESB0PTMUPI-606635007546-PAID VIA SUPERMONE,Other,"₹1,505.00",₹0.00,"₹-1,505.00",Normal
2026-03-07,UPI-MADHU LOKA-PAYTMQRAAZMNWKJ4T@PAYTM-YESB0PTMUPI-606635010902-PAID VIA SUPERMONE,Other,₹20.00,₹0.00,₹-20.00,Normal
2026-03-09,UPI-MONISHA C-Q595788946@YBL-YESB0YBLUPI-606852584716-PAID VIA SUPERMONE,Other,₹35.00,₹0.00,₹-35.00,Normal
2026-03-09,UPI-VENKATESH RAJAPPA GO-PAYTM.S16UILK@PTY-YESB0MCHUPI-606856137171-PAID VIA SUPERMONE,Other,₹35.00,₹0.00,₹-35.00,Normal
2026-03-10,UPI-UDUPI GARDENIA VEG-Q529919232@YBL-YESB0YBLUPI-606968625750-PAID VIA SUPERMONE,Food,₹135.00,₹0.00,₹-135.00,Normal
2026-03-10,UPI-BIGBASKET-BIGBASKET.PAYU@AXISBANK-UTIB0003156-983869090696-UPI TRANSACTION,Other,₹100.00,₹0.00,₹-100.00,Normal
2026-03-10,UPI-TOBOX VENTURES PRIVA-GOKHANA.PAYU@AXISBANK-UTIB0003156-130945936399-UPIINTENT,Other,₹40.00,₹0.00,₹-40.00,Normal
2026-03-10,UPI-NPCI BHIM-BHIMCASHBACK@HDFCBANK-HDFC0000001-102885147258-BHIMCASHBACK,Other,₹0.00,₹3.00,₹3.00,Normal
2026-03-10,UPI-TOBOX VENTURES PRIVA-GOKHANA.PAYU@AXISBANK-UTIB0003156-092104938801-UPIINTENT,Other,₹75.00,₹0.00,₹-75.00,Normal
2026-03-10,UPI-TOBOX VENTURES PRIVA-GOKHANA.PAYU@AXISBANK-UTIB0003156-091904871533-UPIINTENT,Other,₹4.00,₹0.00,₹-4.00,Normal
2026-03-10,UPI-SHARATH KUMAR N-8792445855-2@YBL-IDFB0040101-120339434819-PAYMENT FROM PHONE,Other,"₹17,000.00",₹0.00,"₹-17,000.00",Normal
2026-03-11,UPI-KASHIPH-PAYTMQR6ZM6K0@PTYS-YESB0PTMUPI-607079356253-PAID VIA SUPERMONE,Other,₹400.00,₹0.00,₹-400.00,Normal
2026-03-12,UPI-C  NAVEAN-728292926@YBL-KKBK0008310-895975057661-PAYMENT FROM PHONE,Other,"₹8,000.00",₹0.00,"₹-8,000.00",Normal
2026-03-12,UPI-NIKHIL  C-Q983613514@YBL-YESB0YBLUPI-607186986082-PAID VIA SUPERMONE,Other,₹200.00,₹0.00,₹-200.00,Normal
2026-03-12,UPI-CRED-CRED.UTILITY@AXISB-UTIB0000114-643799925061-PAYMENT ON CRED,Bills,₹636.00,₹0.00,₹-636.00,Normal
2026-03-13,IMPS-607210966187-SHARATH KUMAR N-SBIN-XXXXXXX3864-SELF,Transfers,₹0.00,"₹36,000.00","₹36,000.00",⚠️ Outlier
2026-03-13,UPI-BINDU  S-9591408897@YBL-SBIN0040519-750921092809-PAYMENT FROM PHONE,Other,"₹1,500.00",₹0.00,"₹-1,500.00",Normal
2026-03-13,NWD-526099XXXXXX0381-0496WP08-CHIKKABALLAPU,Other,"₹10,000.00",₹0.00,"₹-10,000.00",Normal
2026-03-13,NWD-526099XXXXXX0381-0496WP08-CHIKKABALLAPU,Other,"₹10,000.00",₹0.00,"₹-10,000.00",Normal
2026-03-13,UPI-MAYURABAKERY-PAYTMQR6NSF7K@PTYS-YESB0PTMUPI-643803626482-PAID VIA SUPERMONE,Other,₹385.00,₹0.00,₹-385.00,Normal
2026-03-14,UPI-MRS VANISHREE-7829153413@YBL-MAHB0001682-390626219610-PAYMENT FROM PHONE,Other,₹600.00,₹0.00,₹-600.00,Normal
2026-03-14,UPI-LAKSHMIKANTHAMMA E-BHARATPE9C0U7O2W8S975952@YESBANKLTD-YESB0YESUPI-121336193818-PAY TO BHARATPE ME,Other,"₹1,000.00",₹0.00,"₹-1,000.00",Normal
2026-03-14,UPI-M S BEVERAGES-MSBEV97432287@BARODAMPAY-BARB0VJVIJP-643911284999-UPI,Other,"₹1,690.00",₹0.00,"₹-1,690.00",Normal
2026-03-14,UPI-JAGADISH N-7411102637-2@YBL-CNRB0000033-027775034474-PAYMENT FROM PHONE,Other,₹0.00,"₹30,000.00","₹30,000.00",⚠️ Outlier
2026-03-15,UPI-BABA  SAB-9611146996@YBL-CNRB0000033-639489752829-PAYMENT FROM PHONE,Other,"₹39,750.00",₹0.00,"₹-39,750.00",⚠️ Outlier
2026-03-15,UPI-KASHIPH-9986638733@YBL-SBIN0011286-286857209132-PAYMENT FROM PHONE,Other,"₹12,740.00",₹0.00,"₹-12,740.00",Normal
2026-03-15,UPI-SALMA-7411295253@AXL-SBIN0011286-644028878093-PAID VIA SUPERMONE,Other,₹100.00,₹0.00,₹-100.00,Normal
2026-03-16,UPI-PRAJWAL REDDY  K-PRAJWALPRAJJUK97@AXL-SBIN0040851-649503795441-PAYMENT FROM PHONE,Other,₹0.00,"₹29,300.00","₹29,300.00",⚠️ Outlier
2026-03-16,CASH DEPOSIT BY - CHANDRA - VIJAYAPURA TMC,Other,₹0.00,"₹25,000.00","₹25,000.00",Normal
2026-03-16,UPI-SRI MARUTHI FRUITS A-PAYTMQR60L0Y6@PTYS-YESB0PTMUPI-644136694289-PAID VIA SUPERMONE,Other,₹54.00,₹0.00,₹-54.00,Normal
2026-03-16,UPI-ONE97 COMMUNICATIONS-POWERACCESS.PAYTM3@AXISBANK-UTIB0000022-370246220756-PAYMENT ON FLIPKAR,Other,₹0.00,₹30.00,₹30.00,Normal
2026-03-18,UPI-TOBOX VENTURES PRIVA-GOKHANA.PAYU@AXISBANK-UTIB0003156-132325461485-UPIINTENT,Other,₹238.00,₹0.00,₹-238.00,Normal
2026-03-18,UPI-TOBOX VENTURES PRIVA-GOKHANA.PAYU@AXISBANK-UTIB0003156-607708846390-UPIINTENT,Other,₹100.00,₹0.00,₹-100.00,Normal
2026-03-18,UPI-MR VIJAYKUMAR  M-Q989673581@YBL-YESB0YBLUPI-607707932809-PAID VIA CRED,Other,₹28.00,₹0.00,₹-28.00,Normal
2026-03-18,UPI-JAGADISH N-7411102637-2@YBL-CNRB0000033-578113670480-PAYMENT FROM PHONE,Other,"₹20,000.00",₹0.00,"₹-20,000.00",Normal
2026-03-18,UPI-BANGALORE METRO RAIL-ENGLISHBMRC.PAYU@AXISBANK-UTIB0003156-237723075606-PAYMENT FROM PHONE,Other,₹50.00,₹0.00,₹-50.00,Normal
2026-03-19,NWD-526099XXXXXX0381-VJBD2444-VIJAYAPURA,Other,"₹2,000.00",₹0.00,"₹-2,000.00",Normal
2026-03-19,UPI-SRI BRAHMALINGESHWAR-PAYTMQR702B9O@PTYS-YESB0PTMUPI-644474767215-PAID VIA SUPERMONE,Other,₹20.00,₹0.00,₹-20.00,Normal
2026-03-19,UPI-UDUPI GARDENIA VEG-Q529919232@YBL-YESB0YBLUPI-644471094484-PAID VIA SUPERMONE,Food,₹80.00,₹0.00,₹-80.00,Normal
2026-03-19,UPI-UDUPI GARDENIA VEG-Q529919232@YBL-YESB0YBLUPI-644471287394-PAID VIA SUPERMONE,Food,₹20.00,₹0.00,₹-20.00,Normal
2026-03-19,UPI-ZEPTONOW-ZEPTONOW.ESBZ@HDFCBANK-HDFC0MERUPI-134609213140-NO REMARKS,Groceries,₹174.00,₹0.00,₹-174.00,Normal
2026-03-20,UPI-UDUPI GARDENIA VEG-Q529919232@YBL-YESB0YBLUPI-644583952641-PAID VIA SUPERMONE,Food,₹40.00,₹0.00,₹-40.00,Normal
2026-03-20,UPI-UDUPI GARDENIA VEG-Q529919232@YBL-YESB0YBLUPI-644584014155-PAID VIA SUPERMONE,Food,₹10.00,₹0.00,₹-10.00,Normal
2026-03-21,UPI-BOLLINENI MAHALAKSHM-Q241073828@YBL-YESB0YBLUPI-608011355586-PAID VIA CRED,Other,₹20.00,₹0.00,₹-20.00,Normal
2026-03-21,ATW-526099XXXXXX0381-S1ANBZ22-BANGALORE,Other,"₹10,000.00",₹0.00,"₹-10,000.00",Normal
2026-03-21,UPI-CHANDRA KUMAR N-8151800050-2@YBL-SBIN0011286-892359893488-PAYMENT FROM PHONE,Other,"₹10,000.00",₹0.00,"₹-10,000.00",Normal
2026-03-21,UPI-SAI FOODS-PAYTM.S1ZWEUD@PTY-YESB0MCHUPI-644699127999-PAID VIA SUPERMONE,Other,₹44.00,₹0.00,₹-44.00,Normal
2026-03-22,UPI-SRI BRAHMALINGESHWAR-PAYTMQR702B9O@PTYS-YESB0PTMUPI-608109727780-PAID VIA SUPERMONE,Other,₹50.00,₹0.00,₹-50.00,Normal
2026-03-22,UPI-ZEPTO MARKETPLACE PR-PINELABS.10372375@PINEAXIS-UTIB000SETU-173321727213-NO REMARKS,Groceries,₹213.00,₹0.00,₹-213.00,Normal
2026-03-22,UPI-SS LIQUOR ZONE-PAYTMQR6YJBK3@PTYS-YESB0PTMUPI-608109648153-PAID VIA SUPERMONE,Other,₹770.00,₹0.00,₹-770.00,Normal
2026-03-22,UPI-AL AZIZ CHICKEN AND -PAYTMQR6V010O@PTYS-YESB0PTMUPI-608112871183-PAID VIA CRED,Other,₹300.00,₹0.00,₹-300.00,Normal
2026-03-22,UPI-UDUPI GARDENIA VEG-Q604690475@YBL-YESB0YBLUPI-608105404651-PAID VIA SUPERMONE,Food,₹20.00,₹0.00,₹-20.00,Normal
2026-03-22,UPI-UDUPI GARDENIA VEG-Q529919232@YBL-YESB0YBLUPI-608105307186-PAID VIA SUPERMONE,Food,₹60.00,₹0.00,₹-60.00,Normal
2026-03-22,UPI-ZEPTO-ZEPTONOW.ESBZ@KOTAK-KKBK0000958-142549274728-NO REMARKS,Groceries,₹231.00,₹0.00,₹-231.00,Normal
2026-03-23,UPI-UDUPI GARDENIA VEG-Q529919232@YBL-YESB0YBLUPI-608216965635-PAID VIA SUPERMONE,Food,₹60.00,₹0.00,₹-60.00,Normal
2026-03-23,UPI-BHARATH COCONUT-PAYTMQR6C2LSZ@PTYS-YESB0PTMUPI-608217089281-PAID VIA SUPERMONE,Other,₹50.00,₹0.00,₹-50.00,Normal
2026-03-23,UPI-SUMANTH C-IMSUMAN44@OKHDFCBANK-HDFC0004269-895907092019-PAYMENT FROM PHONE,Other,"₹5,000.00",₹0.00,"₹-5,000.00",Normal
2026-03-23,UPI-UDUPI GARDENIA VEG-Q604690475@YBL-YESB0YBLUPI-608221238821-PAID VIA SUPERMONE,Food,₹55.00,₹0.00,₹-55.00,Normal
2026-03-23,UPI-BHARATH COCONUT-PAYTMQR6C2LSZ@PTYS-YESB0PTMUPI-608221367187-PAID VIA SUPERMONE,Other,₹50.00,₹0.00,₹-50.00,Normal
2026-03-23,UPI-AMAZON INDIA-AMAZON@RAPL-RATN000RAPL-608206615976-REQUEST FROM AMAZO,Other,"₹1,254.00",₹0.00,"₹-1,254.00",Normal
2026-03-23,UPI-UDUPI GARDENIA VEG-Q529919232@YBL-YESB0YBLUPI-608225297635-PAID VIA SUPERMONE,Food,₹55.00,₹0.00,₹-55.00,Normal
2026-03-24,UPI-UDUPI GARDENIA VEG-Q529919232@YBL-YESB0YBLUPI-608337211708-PAID VIA SUPERMONE,Food,₹100.00,₹0.00,₹-100.00,Normal
2026-03-25,UPI-BHARATH COCONUT-PAYTMQR6C2LSZ@PTYS-YESB0PTMUPI-608440362653-PAID VIA SUPERMONE,Other,₹150.00,₹0.00,₹-150.00,Normal
2026-03-25,UPI-UDUPI GARDENIA VEG-Q529919232@YBL-YESB0YBLUPI-608444806205-PAID VIA SUPERMONE,Food,₹160.00,₹0.00,₹-160.00,Normal
2026-03-25,UPI-TOBOX VENTURES PRIVA-GOKHANA.PAYU@AXISBANK-UTIB0003156-154126785453-UPIINTENT,Other,₹45.00,₹0.00,₹-45.00,Normal
2026-03-25,UPI-KAVITHA K-9071454833@YBL-BARB0VJVIJP-760947596491-PAYMENT FROM PHONE,Other,"₹1,000.00",₹0.00,"₹-1,000.00",Normal
2026-03-25,UPI-TOBOX VENTURES PRIVA-GOKHANA.PAYU@AXISBANK-UTIB0003156-130415259878-UPIINTENT,Other,₹139.00,₹0.00,₹-139.00,Normal
2026-03-25,UPI-UDUPI GARDENIA VEG-Q529919232@YBL-YESB0YBLUPI-608440290456-PAID VIA SUPERMONE,Food,₹45.00,₹0.00,₹-45.00,Normal
2026-03-25,UPI-NPCI BHIM-BHIMCASHBACK@HDFCBANK-HDFC0000001-102972811040-BHIMCASHBACK,Other,₹0.00,₹3.00,₹3.00,Normal
2026-03-25,UPI-TOBOX VENTURES PRIVA-GOKHANA.PAYU@AXISBANK-UTIB0003156-111537912970-UPIINTENT,Other,₹61.00,₹0.00,₹-61.00,Normal
2026-03-25,RTGS CR-CBIN0280859-NANJUNDAPA-SHARATH KUMAR N                    -CBINR52026032510081339,Other,₹0.00,"₹449,000.00","₹449,000.00",⚠️ Outlier
2026-03-26,UPI-NPCI BHIM-BHIMCASHBACK@HDFCBANK-HDFC0000001-102979188248-BHIMCASHBACK,Other,₹0.00,₹3.00,₹3.00,Normal
2026-03-26,UPI-TOBOX VENTURES PRIVA-GOKHANA.PAYU@AXISBANK-UTIB0003156-125839671857-UPIINTENT,Other,₹130.01,₹0.00,₹-130.01,Normal
2026-03-27,UPI-UDUPI GARDENIA VEG-Q529919232@YBL-YESB0YBLUPI-608619573103-PAID VIA CRED,Food,₹120.00,₹0.00,₹-120.00,Normal
2026-03-28,UPI-JITENDRA SINGH-Q964838273@YBL-YESB0YBLUPI-608782574895-PAID VIA SUPERMONE,Other,₹25.00,₹0.00,₹-25.00,Normal
2026-03-28,UPI-UDUPI GARDENIA VEG-Q529919232@YBL-YESB0YBLUPI-608784010671-PAID VIA SUPERMONE,Food,₹200.00,₹0.00,₹-200.00,Normal
2026-03-28,UPI-HOTEL NAVAYUGA-HOTELNAVAYUGA.67135134@HDFCBANK-HDFC0MERUPI-608782546285-PAID VIA SUPERMONE,Other,₹400.00,₹0.00,₹-400.00,Normal
2026-03-28,UPI-AMB CINEMAS BENGALUR-PAYTM.D15891269637@PTY-YESB0MCHUPI-608779333958-PAID VIA SUPERMONE,Other,₹300.00,₹0.00,₹-300.00,Normal
2026-03-28,UPI-AMB CINEMAS BENGALUR-PAYTM.D15891269637@PTY-YESB0MCHUPI-608720629519-PAID VIA CRED,Other,₹490.00,₹0.00,₹-490.00,Normal
2026-03-28,UPI-DHARAMKESHAV INFRA P-MAB.037348015410066@AXISBANK-UTIB0000100-608720506439-PAID VIA CRED,Other,₹60.00,₹0.00,₹-60.00,Normal
2026-03-29,UPI-BANGALORE METRO RAIL-ENGLISHBMRC.PAYU@AXISBANK-UTIB0003156-248142383088-PAYMENT FROM PHONE,Other,₹60.00,₹0.00,₹-60.00,Normal
2026-03-29,UPI-BANGALORE METRO RAIL-ENGLISHBMRC.PAYU@AXISBANK-UTIB0003156-315082760918-PAYMENT FROM PHONE,Other,₹60.00,₹0.00,₹-60.00,Normal
2026-03-29,UPI-RAMESH N-PAYTMQR6OXT49@PTYS-YESB0PTMUPI-608890767473-PAID VIA SUPERMONE,Other,₹20.00,₹0.00,₹-20.00,Normal
2026-03-29,UPI-CHANDRA KUMAR N-8151800050-2@YBL-SBIN0011286-718470255173-PAYMENT FROM PHONE,Other,₹500.00,₹0.00,₹-500.00,Normal
2026-03-29,UPI-VENKATACHALA SHARMA-7760273049@AXL-KARB0000126-608893916363-PAID VIA SUPERMONE,Other,₹90.00,₹0.00,₹-90.00,Normal
2026-03-29,UPI-AL AZIZ CHICKEN AND -PAYTMQR6V010O@PTYS-YESB0PTMUPI-608894147532-PAID VIA SUPERMONE,Other,₹162.00,₹0.00,₹-162.00,Normal
2026-03-29,UPI-SUKHANYA B-PAYTM.S1IRBRB@PTY-YESB0MCHUPI-608894200160-PAID VIA SUPERMONE,Other,₹65.00,₹0.00,₹-65.00,Normal
2026-03-29,UPI-N R TRADERS-PAYTMQR6N2ENJ@PTYS-YESB0PTMUPI-608894212818-PAID VIA SUPERMONE,Other,₹10.00,₹0.00,₹-10.00,Normal
2026-03-29,UPI-FIXDERMA INDIA PVT L-FIXDERMAINDIAPV126956.RZP@RXAXIS-UTIB0000RZP-608822674960-PAID VIA CRED,Other,₹324.00,₹0.00,₹-324.00,Normal
2026-03-30,UPI-SRI MARUTHI FRUITS A-PAYTMQR60L0Y6@PTYS-YESB0PTMUPI-645506632362-PAID VIA SUPERMONE,Other,₹28.00,₹0.00,₹-28.00,Normal
2026-03-30,UPI-MR ROHIT KUMAR GUPTA-BHARATPE9K0K7F3O0L334658@YESBANKLTD-YESB0YESUPI-645506599636-PAY TO BHARATPE ME,Other,₹35.00,₹0.00,₹-35.00,Normal
2026-03-30,UPI-CRED-CRED.CLUB@AXISB-UTIB0000114-608923634796-PAYMENT ON CRED,Other,"₹3,289.44",₹0.00,"₹-3,289.44",Normal
2026-03-30,UPI-HEALTHIANS-HEALTHIANSINFOCITYI@YBL-YESB0YBLUPI-645501281112-PAYMENT FOR 175463,Other,₹550.00,₹0.00,₹-550.00,Normal
2026-03-30,UPI-SUMANTH C-IMSUMAN44@OKAXIS-HDFC0004269-645568979253-UPI,Other,₹0.00,"₹5,000.00","₹5,000.00",Normal
2026-03-30,NEFT CR-HSBC0400002-WABTEC INDIA INDUSTRIAL PVT LTD-SHARATH KUMAR N-HSBCN08932762244,Transfers,₹0.00,"₹168,796.00","₹168,796.00",⚠️ Outlier
2026-03-30,UPI-ASTROTALK SERVICES P-ASTRTALK1.RAZORPAY@HDFCBANK-HDFC0MERUPI-608923506188-WALLETRECHARGE,Bills,₹59.00,₹0.00,₹-59.00,Normal
2026-03-31,UPI-TOBOX VENTURES PRIVA-GOKHANA.PAYU@AXISBANK-UTIB0003156-094831959268-UPIINTENT,Other,₹15.00,₹0.00,₹-15.00,Normal
2026-03-31,UPI-TOBOX VENTURES PRIVA-GOKHANA.PAYU@AXISBANK-UTIB0003156-100010802942-UPIINTENT,Other,₹72.00,₹0.00,₹-72.00,Normal
2026-03-31,UPI-TOBOX VENTURES PRIVA-GOKHANA.PAYU@AXISBANK-UTIB0003156-130231961554-UPIINTENT,Other,₹139.00,₹0.00,₹-139.00,Normal
2026-03-31,UPI-DURGA PARAMESHWARI F-Q483407573@YBL-YESB0YBLUPI-609025190956-PAID VIA CRED,Other,₹841.18,₹0.00,₹-841.18,Normal
2026-04-01,UPI-AIR FIBER PAYMENT 5G-PAYTM-80575022@PTYBL-YESB0PTMUPI-609126967134-PAID VIA CRED,Other,₹706.82,₹0.00,₹-706.82,Normal
2026-04-01,UPI ATM WITHDRAWAL:RS.10000.00 AT:HDFC ATM ATM P3ENBN21 UPI RRN:645726288169 NFS RRN:609114381813,Other,"₹10,000.00",₹0.00,"₹-10,000.00",Normal
2026-04-01,UPI-SUDEEP SHETTY-GPAY-11259621234@OKBIZAXIS-UTIB0000553-645726033844-PAID VIA SUPERMONE,Other,₹180.00,₹0.00,₹-180.00,Normal
2026-04-01,UPI-NARESH R-9066493536@YBL-UTIB0000734-659133910631-PAYMENT FROM PHONE,Other,₹600.00,₹0.00,₹-600.00,Normal
2026-04-01,UPI-NARESH R-9066493536@YBL-UTIB0000734-410913849434-SALA BADHE GE,Other,₹3.00,₹0.00,₹-3.00,Normal
2026-04-01,UPI ATM WITHDRAWAL:RS.5000.00 AT:HDFC ATM ATM P3ENBN21 UPI RRN:645726304629 NFS RRN:609114205573,Other,"₹5,000.00",₹0.00,"₹-5,000.00",Normal
2026-04-01,UPI-CHANDRA KUMAR N-8151800050-2@AXL-SBIN0011286-332482193131-PAYMENT FROM PHONE,Other,₹0.00,₹1.00,₹1.00,Normal
2026-04-01,UPI-NPCI BHIM-BHIMCASHBACK@HDFCBANK-HDFC0000001-103010997982-BHIMCASHBACK,Other,₹0.00,₹3.00,₹3.00,Normal
2026-04-01,UPI-CRED-CRED.CLUB@AXISB-UTIB0000114-609126288215-PAYMENT ON CRED,Other,"₹10,612.03",₹0.00,"₹-10,612.03",Normal
2026-04-01,UPI-TOBOX VENTURES PRIVA-GOKHANA.PAYU@INDUS-INDB0MERCHA-102752342207-UPIINTENT,Other,"₹2,000.00",₹0.00,"₹-2,000.00",Normal
2026-04-01,UPI-SRI MARUTHI FRUITS A-PAYTMQR60L0Y6@PTYS-YESB0PTMUPI-645722672028-PAID VIA SUPERMONE,Other,₹28.00,₹0.00,₹-28.00,Normal
2026-04-01,UPI-CHANDRA KUMAR N-8151800050-2@YBL-SBIN0011286-018383043833-PAYMENT FROM PHONE,Other,₹0.00,"₹3,300.00","₹3,300.00",Normal
2026-04-01,INTEREST PAID TILL 31-MAR-2026,Other,₹0.00,₹534.00,₹534.00,Normal
2026-04-01,UPI-CHANDRA KUMAR N-8151800050-2@YBL-SBIN0011286-146415300119-PAYMENT FROM PHONE,Other,"₹10,000.00",₹0.00,"₹-10,000.00",Normal
2026-04-02,UPI-HEALTHIANS-HEALTHIANSONLINE@YBL-YESB0YBLUPI-840619616882-PAYMENT FOR 175938,Other,₹972.00,₹0.00,₹-972.00,Normal
2026-04-02,CHQ PAID SELF - CHQ PAID - VIJAYAPURA T,EMI,"₹44,000.00",₹0.00,"₹-44,000.00",⚠️ Outlier
2026-04-02,UPI-MR VIJAYKUMAR  M-Q989673581@YBL-YESB0YBLUPI-609228653693-PAID VIA CRED,Other,₹28.00,₹0.00,₹-28.00,Normal
2026-04-02,UPI-MR VIJAYKUMAR  M-Q989673581@YBL-YESB0YBLUPI-609228654648-PAID VIA CRED,Other,₹70.00,₹0.00,₹-70.00,Normal
2026-04-02,UPI-K RAMADEVI-PAYTM.S1MK7G9@PTY-YESB0MCHUPI-645842427688-PAID VIA SUPERMONE,Other,₹80.00,₹0.00,₹-80.00,Normal
2026-04-02,UPI-SRI MARUTHI FRUITS A-PAYTMQR6FFT0G@PTYS-YESB0PTMUPI-645842520732-PAID VIA SUPERMONE,Other,₹130.00,₹0.00,₹-130.00,Normal
2026-04-02,UPI-SRI MARUTHI FRUITS A-PAYTMQR60L0Y6@PTYS-YESB0PTMUPI-645842575356-PAID VIA SUPERMONE,Other,₹101.00,₹0.00,₹-101.00,Normal
2026-04-03,UPI-PHONEPE-PHONEPEMERCHANT@YESBANK-YESB0000022-609303352160-R02 PHONEPE REVERS,Other,₹0.00,₹972.00,₹972.00,Normal
2026-04-04,UPI-RELIANCE RETAIL LIMI-JPSL.JP2100001004425281@JIOPAY-JIOP0000001-700730140269-PAYMENT FROM PHONE,Other,₹362.00,₹0.00,₹-362.00,Normal
2026-04-04,UPI-NANDHANA PALACE-NANDHANAPALACE.63425445@HDFCBANK-HDFC0MERUPI-646065336150-PAID VIA SUPERMONE,Other,₹846.00,₹0.00,₹-846.00,Normal
2026-04-05,ACH D- TP ACH ICICI BANK-2148640057,Other,"₹50,871.00",₹0.00,"₹-50,871.00",⚠️ Outlier
2026-04-05,UPI-SYED JAFFAR-PAYTMQR63Q68M@PTYS-YESB0PTMUPI-646178011665-PAID VIA SUPERMONE,Other,₹430.00,₹0.00,₹-430.00,Normal
2026-04-05,UPI-GOLD LINE BREADZ-0790432A0258820.BQR@KOTAK-KKBK0000432-646180579519-PAID VIA SUPERMONE,Other,₹146.00,₹0.00,₹-146.00,Normal
2026-04-05,UPI-GOLD LINE BREADZ-GOLDLINEBREADZ.64063348@HDFCBANK-HDFC0MERUPI-609533644254-PAID VIA CRED,Other,₹9.00,₹0.00,₹-9.00,Normal
2026-04-06,UPI-THATHA TEA-Q310822264@YBL-YESB0YBLUPI-609634608629-PAID VIA CRED,Food,₹40.00,₹0.00,₹-40.00,Normal
2026-04-06,UPI-FUND IDFC FIRST ACCO-ADDMONEY@IDFCBANK-IDFB0040101-121162532999-UPI,Other,"₹21,000.00",₹0.00,"₹-21,000.00",Normal
2026-04-06,UPI-MALNAD KABAB CORNER-GPAY-11266018129@OKBIZAXIS-UTIB0000553-646293411656-PAID VIA SUPERMONE,Other,₹210.00,₹0.00,₹-210.00,Normal
2026-04-07,UPI-CRED-CRED.CLUB@AXISB-UTIB0000114-609735604944-PAYMENT ON CRED,Other,"₹13,661.51",₹0.00,"₹-13,661.51",Normal
2026-04-07,UPI-SUMANTHA-Q017493161@YBL-YESB0YBLUPI-609702696013-PAID VIA SUPERMONE,Other,₹40.00,₹0.00,₹-40.00,Normal
2026-04-07,UPI-RAJEEV M-9095403808@YBL-HDFC0000628-698396997810-PAYMENT FROM PHONE,Other,₹660.00,₹0.00,₹-660.00,Normal
2026-04-07,UPI-BIGBASKET-BIGBASKET.EASEBUZZ@KOTAKPAY-KKBK0JPUPIA-215812303854-PAY,Other,₹418.54,₹0.00,₹-418.54,Normal
2026-04-08,UPI-SIGNDESK-SIGNDESK954667.RZP@RXAXIS-UTIB0000RZP-609817694884-PAID VIA SUPERMONE,Other,₹544.87,₹0.00,₹-544.87,Normal
2026-04-08,UPI-SIGNDESK-SIGNDESK954667.RZP@RXAXIS-UTIB0000RZP-609817679058-PAID VIA SUPERMONE,Other,"₹14,792.67",₹0.00,"₹-14,792.67",Normal
2026-04-08,UPI-SHARATH KUMAR N-8792445855-2@YBL-IDFB0040101-341210450708-PAYMENT FROM PHONE,Other,"₹10,100.00",₹0.00,"₹-10,100.00",Normal
2026-04-08,UPI-SIGNDESK-SIGNDESK954667.RZP@RXAXIS-UTIB0000RZP-609837737474-PAID VIA CRED,Other,"₹1,089.76",₹0.00,"₹-1,089.76",Normal
2026-04-08,UPI-VEENA-PAYTM.S101T7Y@PTY-YESB0MCHUPI-609817554099-PAID VIA SUPERMONE,Other,₹25.00,₹0.00,₹-25.00,Normal
2026-04-08,UPI-VINNAKOTA PRASHANTH-PRASHANTHVINNAKOTA51@IBL-ICIC0000365-217926135225-PAYMENT FROM PHONE,Other,₹0.00,"₹40,000.00","₹40,000.00",⚠️ Outlier
2026-04-08,UPI-KARTHIK  R-KARTHIKPREETHU20@AXL-KKBK0008282-117214161766-PAYMENT FROM PHONE,Other,₹0.00,"₹55,000.00","₹55,000.00",⚠️ Outlier
2026-04-08,UPI-JAGADISH N-7411102637-2@YBL-CNRB0000033-970113878823-PAYMENT FROM PHONE,Other,₹0.00,"₹20,000.00","₹20,000.00",Normal
2026-04-08,50200077650762-TPT-PLOT BALANCE-THRIVE 360EAST REALTY VENTURES,Transfers,"₹279,832.00",₹0.00,"₹-279,832.00",⚠️ Outlier
2026-04-08,UPI-SHRINIVAS  NADAGOUDA-SHRINIVAS.NADAGOUDAR808@OKSBI-SBIN0000769-024176988885-PAYMENT FROM PHONE,Other,₹520.00,₹0.00,₹-520.00,Normal
2026-04-09,UPI-CHANDRA KUMAR N-8151800050-2@YBL-SBIN0011286-311393089499-PAYMENT FROM PHONE,Other,₹500.00,₹0.00,₹-500.00,Normal
2026-04-09,UPIRET-20260407-215812303854,Other,₹0.00,₹418.54,₹418.54,Normal
2026-04-09,CHQ PAID SELF - CHQ PAID - VIJAYAPURA T,EMI,"₹26,000.00",₹0.00,"₹-26,000.00",Normal
2026-04-09,UPI-LOAN-LOANSPAY.TBBNG00007752865@ICICI-ICIC0DC0099-609938737369-PAID VIA CRED,Other,₹590.00,₹0.00,₹-590.00,Normal
2026-04-09,UPI-VASANTHA LAKSHMI G H-BHARATPE.90071794906@FBPE-FDRL0001382-609934284669-PAY TO BHARATPE ME,Other,₹140.00,₹0.00,₹-140.00,Normal
2026-04-09,816200809/TECHKARNATAKADEPARTM,Other,"₹269,175.00",₹0.00,"₹-269,175.00",⚠️ Outlier
2026-04-09,UPI-JAGADISH N-7411102637-2@YBL-CNRB0000033-912708856823-PAYMENT FROM PHONE,Other,₹0.00,"₹5,000.00","₹5,000.00",Normal
2026-04-09,UPI-NANJUNDAPPA SHARATH -8792445855@PZW-PPIW0887128-091658261579-REMARK,Other,₹0.00,"₹35,320.00","₹35,320.00",⚠️ Outlier
2026-04-09,UPI-NITHIN K R-Q935934044@YBL-YESB0YBLUPI-609926354879-PAID VIA SUPERMONE,Other,₹50.00,₹0.00,₹-50.00,Normal
2026-04-10,UPI-HULLENAHALLI RUDREGO-PAYTM.S1YUZWS@PTY-YESB0MCHUPI-610039491596-PAID VIA SUPERMONE,Other,₹100.00,₹0.00,₹-100.00,Normal
2026-04-10,UPI-P SUNDARAM PRAKASH-HELLOPRAKASH123@AXL-UTIB0000275-086350009248-PAYMENT FROM PHONE,Other,₹900.00,₹0.00,₹-900.00,Normal
2026-04-10,UPI-POLAR BEAR HORAMAVU-Q907704737@YBL-YESB0YBLUPI-610040658119-PAID VIA CRED,Transport,₹365.00,₹0.00,₹-365.00,Normal
2026-04-10,UPI-ZEPTO-ZEPTONOW.EASEBUZZ@KOTAKPAY-KKBK0JPUPIA-210915028385-NO REMARKS,Groceries,₹656.00,₹0.00,₹-656.00,Normal
2026-04-11,UPI-UDUPI GARDENIA VEG-Q604690475@YBL-YESB0YBLUPI-610151739657-PAID VIA SUPERMONE,Food,₹10.00,₹0.00,₹-10.00,Normal
2026-04-11,UPI-UDUPI GARDENIA VEG-Q529919232@YBL-YESB0YBLUPI-610141197290-PAID VIA CRED,Food,₹120.00,₹0.00,₹-120.00,Normal
2026-04-12,UPI-TATA 1MG HEALTHCARE -1MGTECHNOLOGIES@PTYBL-YESB0PTMUPI-610293455250-TRANSACTIONNOTE,Other,₹469.34,₹0.00,₹-469.34,Normal
2026-04-13,UPI-FUND IDFC FIRST ACCO-ADDMONEY@IDFCBANK-IDFB0040101-343877658213-PAYMENT FROM PHONE,Other,"₹2,500.00",₹0.00,"₹-2,500.00",Normal
2026-04-13,UPI-MANJUNATHA RAO-PAYTMQR281005050101UL0K73GJHWLD@PAYTM-YESB0PTMUPI-610386937791-PAID VIA SUPERMONE,Other,₹60.00,₹0.00,₹-60.00,Normal
2026-04-13,UPI-MR  MOHAMMAD  ISHTIY-Q985656499@YBL-YESB0YBLUPI-610386839117-PAID VIA SUPERMONE,Other,₹180.00,₹0.00,₹-180.00,Normal
2026-04-13,UPI-CHANDRA KUMAR N-8151800050-2@YBL-SBIN0011286-888974351756-PAYMENT FROM PHONE,Other,"₹10,000.00",₹0.00,"₹-10,000.00",Normal
2026-04-13,UPI-AIRTEL-AIRTEL-BILLPAYMENT.PAYTM@PTYBL-YESB0PTMUPI-610344350953-AIRTEL BROADBAND B,Bills,"₹1,099.87",₹0.00,"₹-1,099.87",Normal
2026-04-13,UPI-SOWMYA S A-8105078150-5@AXL-BARB0VJVIJP-778522076667-PAYMENT FROM PHONE,Other,₹0.00,"₹10,000.00","₹10,000.00",Normal
2026-04-13,IMPS-610325036491-APIBANKING-RATN-XXXXXXXXXXXX0168-ACCOUNTVALIDATION,Transfers,₹0.00,₹1.00,₹1.00,Normal
2026-04-13,UPI-FIREBOLTT-FIREBOLTTGK@YESBANK-YESB0000728-134345175369-PAYMENTFORKWIKCGH1,Other,"₹1,859.07",₹0.00,"₹-1,859.07",Normal
2026-04-13,UPI-FLIPKART-FLIPKART.HYPG@YESPAY-YESB0YESUPI-610300940645-UPIPAY,Other,₹591.00,₹0.00,₹-591.00,Normal
2026-04-13,CHQ PAID SELF - CHQ PAID - VIJAYAPURA T,EMI,"₹20,000.00",₹0.00,"₹-20,000.00",Normal
2026-04-13,IMPS-610327035903-PAYBIZ TECHNOLOGIES INDIA PRIV-RATN-XXXXXXXX0504-PAYBIZTECHFUNDTRANSFER,Transfers,₹0.00,"₹58,800.00","₹58,800.00",⚠️ Outlier
2026-04-13,UPI-NPCI BHIM-BHIMCASHBACK@HDFCBANK-HDFC0000001-103104538353-BHIMCASHBACK,Other,₹0.00,₹5.66,₹5.66,Normal
2026-04-14,UPI-CHANDRA KUMAR N-8151800050-2@YBL-SBIN0011286-212118473610-PAYMENT FROM PHONE,Other,"₹5,000.00",₹0.00,"₹-5,000.00",Normal
2026-04-15,UPI-CHANDRA KUMAR N-8151800050-2@IBL-SBIN0011286-618287654502-PAYMENT FROM PHONE,Other,₹0.00,"₹5,000.00","₹5,000.00",Normal
2026-04-15,UPI-RIDA KOUSER-BHARATPE.9A0C0E7X4S860169@FBPE-FDRL0001382-647111672696-PAY TO BHARATPE ME,Other,₹160.00,₹0.00,₹-160.00,Normal
2026-04-16,UPI-S R BAKERY-PAYTMQR6BM5GD@PTYS-YESB0PTMUPI-647225749022-PAID VIA SUPERMONE,Other,₹155.00,₹0.00,₹-155.00,Normal
2026-04-16,UPI-PINK BERRY 8-Q392943306@YBL-YESB0YBLUPI-647227970760-PAID VIA SUPERMONE,Entertainment,₹910.00,₹0.00,₹-910.00,Normal
2026-04-17,UPI-GUNASHEKAR P-PAYTMQR16FVUJ@PAYTM-YESB0PTMUPI-610749655482-PAID VIA CRED,Other,₹20.00,₹0.00,₹-20.00,Normal
2026-04-17,UPI-MR  SANKAR  NAGARAJ-Q054917313@YBL-YESB0YBLUPI-647342324403-PAID VIA SUPERMONE,Other,₹90.00,₹0.00,₹-90.00,Normal
2026-04-17,UPI-RIDA KOUSER-BHARATPE.9A0C0E7X4S860169@FBPE-FDRL0001382-647334018612-PAY TO BHARATPE ME,Other,₹220.00,₹0.00,₹-220.00,Normal
2026-04-17,UPI-UDUPI GARDENIA VEG-Q604690475@YBL-YESB0YBLUPI-610748969883-PAID VIA CRED,Food,₹125.00,₹0.00,₹-125.00,Normal
2026-04-17,UPI-BHARATH COCONUT-PAYTMQR6C2LSZ@PTYS-YESB0PTMUPI-647333892434-PAID VIA SUPERMONE,Other,₹140.00,₹0.00,₹-140.00,Normal
2026-04-18,UPI-RELIANCE RETAIL LIMI-JPSL.JP2100001004425281@JIOPAY-JIOP0000001-093015508694-NO REMARKS,Other,₹75.90,₹0.00,₹-75.90,Normal
2026-04-18,UPI-AKSHAY R KULKARNI-8095891704@AXL-UTIB0000333-064521138056-PAYMENT FROM PHONE,Other,₹0.00,₹520.00,₹520.00,Normal
2026-04-18,UPI-MOHAMMED IRSHAD C A-8861775474@PTYES-CSBK0000837-647451270270-PAID VIA SUPERMONE,Other,"₹1,562.00",₹0.00,"₹-1,562.00",Normal
2026-04-18,UPI-VINNAKOTA PRASHANTH-PRASHANTHVINNAKOTA51@IBL-ICIC0000365-124316199957-PAYMENT FROM PHONE,Other,₹0.00,₹520.00,₹520.00,Normal
2026-04-19,UPI-CHANDRA KUMAR N-8151800050-2@YBL-SBIN0011286-146846063462-PAYMENT FROM PHONE,Other,₹360.00,₹0.00,₹-360.00,Normal
2026-04-20,UPI-FUND IDFC FIRST ACCO-ADDMONEY@IDFCBANK-IDFB0040101-121875253842-UPI,Other,"₹5,000.00",₹0.00,"₹-5,000.00",Normal
2026-04-20,UPI-BUKKE SIVA KUMAR NAI-Q860433905@YBL-YESB0YBLUPI-611053026392-PAID VIA CRED,Other,₹20.00,₹0.00,₹-20.00,Normal
2026-04-21,UPI-HEALTHPLIX-HEALTHPLIX103410.RZP@RXAXIS-UTIB0000RZP-611122326201-PAYMENTFORAPPOINTM,Other,"₹1,236.00",₹0.00,"₹-1,236.00",Normal
2026-04-22,UPI-MR J  SEETHARAM-9035703218823@AXL-MAHB0001682-672864499039-PAYMENT FROM PHONE,Other,₹0.00,"₹57,500.00","₹57,500.00",⚠️ Outlier
2026-04-22,UPI-GANGA BAKERS BANASWA-PAYTM.S22EQ6W@PTY-YESB0MCHUPI-611206395627-PAID VIA SUPERMONE,Other,₹250.00,₹0.00,₹-250.00,Normal
2026-04-22,UPI-SHIVAMMA-9591077570@YBL-KKBK0008288-310949890807-PAYMENT FROM PHONE,Other,"₹2,000.00",₹0.00,"₹-2,000.00",Normal
2026-04-22,CASH WITHDRAWAL BY NANJUNDAPPA - CHQ PAID - VIJAYAPURA T,EMI,"₹22,000.00",₹0.00,"₹-22,000.00",Normal
2026-04-22,UPI-SHIVAMMA-9591077570@AXL-KKBK0008288-645323040705-PAYMENT FROM PHONE,Other,₹0.00,"₹2,000.00","₹2,000.00",Normal
2026-04-23,UPI-MR J  SEETHARAM-9035703218823@AXL-MAHB0001682-517583234655-PAYMENT FROM PHONE,Other,₹0.00,"₹51,000.00","₹51,000.00",⚠️ Outlier
2026-04-23,UPI-VINNAKOTA PRASHANTH-9642066651@YESCRED-ICIC0000365-933466825575-PAYMENT FROM PHONE,Other,"₹20,000.00",₹0.00,"₹-20,000.00",Normal
2026-04-24,UPI-RAJ PUROHIT SWEETS-RAJPUROHITSWEETS.41924642@HDFCBANK-HDFC0MERUPI-611436704186-PAID VIA SUPERMONE,Other,₹234.00,₹0.00,₹-234.00,Normal
2026-04-24,UPI-M H S FRESH FRUIT-GPAY-11257162303@OKBIZAXIS-UTIB0000553-611437079671-PAID VIA SUPERMONE,Other,₹450.00,₹0.00,₹-450.00,Normal
2026-04-25,UPI-AIRTEL-AIRTEL-PREPAID.PAYTM@PTYBL-YESB0PTMUPI-611527010108-PREPAID RECHARGEVA,Bills,₹979.00,₹0.00,₹-979.00,Normal
2026-04-25,UPI-RAMESHWARAM ENTERPRI-RAMESHWARAMENT@YBL-YESB0YBLUPI-648104312703-PAYMENT FOR 69EC85,Other,₹475.00,₹0.00,₹-475.00,Normal
2026-04-25,UPI-ANGELINE JENNIFER-Q800452951@YBL-YESB0YBLUPI-611551773467-PAID VIA SUPERMONE,Other,₹130.00,₹0.00,₹-130.00,Normal
2026-04-26,UPI-KANTI SWEETS  KALYAN-Q846213534@YBL-YESB0YBLUPI-648221519207-PAID VIA CRED,Other,₹132.00,₹0.00,₹-132.00,Normal
2026-04-26,UPI-DEEPAK M T-Q131014171@YBL-YESB0YBLUPI-611662919819-PAID VIA SUPERMONE,Other,₹280.00,₹0.00,₹-280.00,Normal
2026-04-26,UPI-ONE97 COMMUNICATIONS-POWERACCESS.PAYTM3@AXISBANK-UTIB0000022-710534801166-PAYMENT ON AIRTEL,Bills,₹0.00,₹1.00,₹1.00,Normal
2026-04-26,UPI-GOVINDARAJU SON OF T-Q562515134@YBL-YESB0YBLUPI-611654240383-PAID VIA SUPERMONE,Other,₹120.00,₹0.00,₹-120.00,Normal
2026-04-27,UPI-KARTHIK R-9945944855@UPI-KARB0000710-779314477084-PAYMENT FROM PHONE,Other,"₹55,000.00",₹0.00,"₹-55,000.00",⚠️ Outlier
2026-04-27,UPI-UDUPI GARDENIA VEG-Q529919232@YBL-YESB0YBLUPI-611768858999-PAID VIA SUPERMONE,Food,₹80.00,₹0.00,₹-80.00,Normal
2026-04-27,UPI-SRIDEVI Y S-Q807228081@YBL-YESB0YBLUPI-611771710235-PAID VIA SUPERMONE,Other,₹29.00,₹0.00,₹-29.00,Normal
2026-04-27,UPI-VENU B R-6362372868-2@YBL-KARB0000117-609981179298-PAYMENT FROM PHONE,Other,₹0.00,"₹1,700.00","₹1,700.00",Normal
2026-04-29,UPI-MADURAI PANDI MESS-MADURAIPANDIMESS.64072581@HDFCBANK-HDFC0MERUPI-648503990202-PAID VIA CRED,Other,"₹1,066.00",₹0.00,"₹-1,066.00",Normal
2026-04-29,UPI-RAJEEV M-9095403808@YBL-HDFC0000628-441963709844-PAYMENT FROM PHONE,Other,₹0.00,₹533.00,₹533.00,Normal
2026-04-29,UPI-MRS SHILA  DEVI-Q334549192@YBL-YESB0YBLUPI-648504786774-PAID VIA SUPERMONE,Other,₹25.00,₹0.00,₹-25.00,Normal
2026-04-30,UPI-PINK BERRY 8-Q033147810@YBL-YESB0YBLUPI-648617328482-PAID VIA SUPERMONE,Entertainment,"₹1,230.00",₹0.00,"₹-1,230.00",Normal
2026-04-30,NEFT CR-HSBC0400002-WABTEC INDIA INDUSTRIAL PVT LTD-SHARATH KUMAR N-HSBCN12042750165,Transfers,₹0.00,"₹478,085.00","₹478,085.00",⚠️ Outlier
2026-04-30,UPI-THE MEAT HUB-88112582@IDFCBANK-IDFB0080172-648617516557-PAID VIA SUPERMONE,Other,₹389.00,₹0.00,₹-389.00,Normal
2026-04-30,UPI ATM WITHDRAWAL:RS.10000.00 AT:ICICI ATM UPI CASH WITHDRAWAL ATM SPCNR549 UPI RRN:648610573400 NFS RRN:612013567510,Other,"₹10,000.00",₹0.00,"₹-10,000.00",Normal
2026-04-30,UPI-VINNAKOTA PRASHANTH-9642066651@YESCRED-ICIC0000365-345693696419-PAYMENT FROM PHONE,Other,"₹20,000.00",₹0.00,"₹-20,000.00",Normal
2026-04-30,UPI ATM WITHDRAWAL:RS.3000.00 AT:ICICI ATM UPI CASH WITHDRAWAL ATM SPCNR549 UPI RRN:648610612029 NFS RRN:612013068062,Other,"₹3,000.00",₹0.00,"₹-3,000.00",Normal
2026-04-30,UPI-SUBHASH KUMAR-Q801492481@YBL-YESB0YBLUPI-648617543574-PAID VIA SUPERMONE,Other,₹75.00,₹0.00,₹-75.00,Normal
